Team,Median of Matches Played,Median of Starts,Median of Minutes,Median of Non-Penalty Goals,Median of Penalty Goals,Median of Assists,Median of Yellow Cards,Median of Red Cards,Median of xG,Median of npxG,Median of xAG,Median of PrgC,Median of PrgP,Median of PrgR,Median of Gls/90,Median of Ast/90,Median of G+A/90,Median of G-PK/90,Median of G+A-PK/90,Median of xG/90,Median of xAG/90,Median of xG+xAG/90,Median of NpxG/90,Median of NpxG+xAG/90,Median of GA,Median of GA90,Median of SoTA,Median of Saves,Median of Save%,Median of W,Median of D,Median of L,Median of CS,Median of CS%,Median of PKat,Median of PKA,Median of PKsv,Median of PKm,Median of PK_save%,Median of Gls_st,Median of Sh_st,Median of SoT_st,Median of SoT%_st,Median of Sh/90_st,Median of SoT/90_st,Median of G/Sh_st,Median of G/SoT_st,Median of Dist_st,Median of FK_st,Median of PK_st,Median of PKat_st,Median of xG_st,Median of npxG_st,Median of npxG/Sh_st,Median of G-xG_st,Median of np:G-xG,Median of Total_cmp_ps,Median of Total_att_ps,Median of Total_cmp%_ps,Median of Total_TotDist_ps,Median of Total_PrgDist_ps,Median of Short_cmp_ps,Median of Short_att_ps,Median of Short_cmp%_ps,Median of Medium_cmp_ps,Median of Medium_att_ps,Median of Medium_cmp%_ps,Median of Long_cmp_ps,Median of Long_att_ps,Median of Long_cmp%_ps,Median of Expected_ast_ps,Median of Expected_xAG_ps,Median of Expected_xA_ps,Median of Expected_A-xAG_ps,Median of Expected_KP_ps,Median of Expected_1/3_ps,Median of Expected_PPA_ps,Median of Expected_CrsPA_ps,Median of Expected_PrgP,Median of Live_pt,Median of Dead_pt,Median of FK_pt,Median of TB_pt,Median of Sw_pt,Median of Crs_pt,Median of TI_pt,Median of CK_pt,Median of In_pt,Median of Out_pt,Median of Str_pt,Median of Cmp_pt,Median of Off_pt,Median of Blocks_pt,Median of SCA,Median of SCA90,Median of PassLive_SCA,Median of PassDead_SCA,Median of TO_SCA,Median of Sh_SCA,Median of Fld_SCA,Median of Def_SCA,Median of GCA,Median of GCA90,Median of PassLive_GCA,Median of PassDead_GCA,Median of TO_GCA,Median of Sh_GCA,Median of Fld_GCA,Median of Def_GCA,Median of Tkl_tackles,Median of TklW_da,Median of Def 3rd,Median of Mid 3rd,Median of Att 3rd,Median of Tkl_Challenges,Median of Att_da,Median of Tkl%_da,Median of Lost_da,Median of Blocks_da,Median of Sh_da,Median of Pass_da,Median of Int_da,Median of Tkl+Int,Median of Clr_da,Median of Err_da,Median of touches,Median of Def Pen,Median of def_3rd_p,Median of mid_3rd_p,Median of att_3rd_p,Median of att_pen_p,Median of live_p,Median of att_p,Median of succ_p,Median of succ%_p,Median of tkld_p,Median of tkld%_p,Median of carries,Median of totDist_p,Median of proDist_p,Median of progC_p,Median of 1/3_p,Median of cpa_p,Median of mis_p,Median of dis_p,Median of rec_p,Median of prgR_p,Median of starts_plt,Median of mn/start_plt,Median of compl_plt,Median of subs_plt,Median of mn/sub_plt,Median of unSub_plt,Median of PPM_plt,Median of onG_plt,Median of onGA_plt,Median of onxG_plt,Median of onxGA_plt,Median of fls,Median of fld_ms,Median of off_ms,Median of Crs_ms,Median of OG,Median of recov,Median of Won,Median of Lost,Median of Won%,Mean of Matches Played,Mean of Starts,Mean of Minutes,Mean of Non-Penalty Goals,Mean of Penalty Goals,Mean of Assists,Mean of Yellow Cards,Mean of Red Cards,Mean of xG,Mean of npxG,Mean of xAG,Mean of PrgC,Mean of PrgP,Mean of PrgR,Mean of Gls/90,Mean of Ast/90,Mean of G+A/90,Mean of G-PK/90,Mean of G+A-PK/90,Mean of xG/90,Mean of xAG/90,Mean of xG+xAG/90,Mean of NpxG/90,Mean of NpxG+xAG/90,Mean of GA,Mean of GA90,Mean of SoTA,Mean of Saves,Mean of Save%,Mean of W,Mean of D,Mean of L,Mean of CS,Mean of CS%,Mean of PKat,Mean of PKA,Mean of PKsv,Mean of PKm,Mean of PK_save%,Mean of Gls_st,Mean of Sh_st,Mean of SoT_st,Mean of SoT%_st,Mean of Sh/90_st,Mean of SoT/90_st,Mean of G/Sh_st,Mean of G/SoT_st,Mean of Dist_st,Mean of FK_st,Mean of PK_st,Mean of PKat_st,Mean of xG_st,Mean of npxG_st,Mean of npxG/Sh_st,Mean of G-xG_st,Mean of np:G-xG,Mean of Total_cmp_ps,Mean of Total_att_ps,Mean of Total_cmp%_ps,Mean of Total_TotDist_ps,Mean of Total_PrgDist_ps,Mean of Short_cmp_ps,Mean of Short_att_ps,Mean of Short_cmp%_ps,Mean of Medium_cmp_ps,Mean of Medium_att_ps,Mean of Medium_cmp%_ps,Mean of Long_cmp_ps,Mean of Long_att_ps,Mean of Long_cmp%_ps,Mean of Expected_ast_ps,Mean of Expected_xAG_ps,Mean of Expected_xA_ps,Mean of Expected_A-xAG_ps,Mean of Expected_KP_ps,Mean of Expected_1/3_ps,Mean of Expected_PPA_ps,Mean of Expected_CrsPA_ps,Mean of Expected_PrgP,Mean of Live_pt,Mean of Dead_pt,Mean of FK_pt,Mean of TB_pt,Mean of Sw_pt,Mean of Crs_pt,Mean of TI_pt,Mean of CK_pt,Mean of In_pt,Mean of Out_pt,Mean of Str_pt,Mean of Cmp_pt,Mean of Off_pt,Mean of Blocks_pt,Mean of SCA,Mean of SCA90,Mean of PassLive_SCA,Mean of PassDead_SCA,Mean of TO_SCA,Mean of Sh_SCA,Mean of Fld_SCA,Mean of Def_SCA,Mean of GCA,Mean of GCA90,Mean of PassLive_GCA,Mean of PassDead_GCA,Mean of TO_GCA,Mean of Sh_GCA,Mean of Fld_GCA,Mean of Def_GCA,Mean of Tkl_tackles,Mean of TklW_da,Mean of Def 3rd,Mean of Mid 3rd,Mean of Att 3rd,Mean of Tkl_Challenges,Mean of Att_da,Mean of Tkl%_da,Mean of Lost_da,Mean of Blocks_da,Mean of Sh_da,Mean of Pass_da,Mean of Int_da,Mean of Tkl+Int,Mean of Clr_da,Mean of Err_da,Mean of touches,Mean of Def Pen,Mean of def_3rd_p,Mean of mid_3rd_p,Mean of att_3rd_p,Mean of att_pen_p,Mean of live_p,Mean of att_p,Mean of succ_p,Mean of succ%_p,Mean of tkld_p,Mean of tkld%_p,Mean of carries,Mean of totDist_p,Mean of proDist_p,Mean of progC_p,Mean of 1/3_p,Mean of cpa_p,Mean of mis_p,Mean of dis_p,Mean of rec_p,Mean of prgR_p,Mean of starts_plt,Mean of mn/start_plt,Mean of compl_plt,Mean of subs_plt,Mean of mn/sub_plt,Mean of unSub_plt,Mean of PPM_plt,Mean of onG_plt,Mean of onGA_plt,Mean of onxG_plt,Mean of onxGA_plt,Mean of fls,Mean of fld_ms,Mean of off_ms,Mean of Crs_ms,Mean of OG,Mean of recov,Mean of Won,Mean of Lost,Mean of Won%,Std of Matches Played,Std of Starts,Std of Minutes,Std of Non-Penalty Goals,Std of Penalty Goals,Std of Assists,Std of Yellow Cards,Std of Red Cards,Std of xG,Std of npxG,Std of xAG,Std of PrgC,Std of PrgP,Std of PrgR,Std of Gls/90,Std of Ast/90,Std of G+A/90,Std of G-PK/90,Std of G+A-PK/90,Std of xG/90,Std of xAG/90,Std of xG+xAG/90,Std of NpxG/90,Std of NpxG+xAG/90,Std of GA,Std of GA90,Std of SoTA,Std of Saves,Std of Save%,Std of W,Std of D,Std of L,Std of CS,Std of CS%,Std of PKat,Std of PKA,Std of PKsv,Std of PKm,Std of PK_save%,Std of Gls_st,Std of Sh_st,Std of SoT_st,Std of SoT%_st,Std of Sh/90_st,Std of SoT/90_st,Std of G/Sh_st,Std of G/SoT_st,Std of Dist_st,Std of FK_st,Std of PK_st,Std of PKat_st,Std of xG_st,Std of npxG_st,Std of npxG/Sh_st,Std of G-xG_st,Std of np:G-xG,Std of Total_cmp_ps,Std of Total_att_ps,Std of Total_cmp%_ps,Std of Total_TotDist_ps,Std of Total_PrgDist_ps,Std of Short_cmp_ps,Std of Short_att_ps,Std of Short_cmp%_ps,Std of Medium_cmp_ps,Std of Medium_att_ps,Std of Medium_cmp%_ps,Std of Long_cmp_ps,Std of Long_att_ps,Std of Long_cmp%_ps,Std of Expected_ast_ps,Std of Expected_xAG_ps,Std of Expected_xA_ps,Std of Expected_A-xAG_ps,Std of Expected_KP_ps,Std of Expected_1/3_ps,Std of Expected_PPA_ps,Std of Expected_CrsPA_ps,Std of Expected_PrgP,Std of Live_pt,Std of Dead_pt,Std of FK_pt,Std of TB_pt,Std of Sw_pt,Std of Crs_pt,Std of TI_pt,Std of CK_pt,Std of In_pt,Std of Out_pt,Std of Str_pt,Std of Cmp_pt,Std of Off_pt,Std of Blocks_pt,Std of SCA,Std of SCA90,Std of PassLive_SCA,Std of PassDead_SCA,Std of TO_SCA,Std of Sh_SCA,Std of Fld_SCA,Std of Def_SCA,Std of GCA,Std of GCA90,Std of PassLive_GCA,Std of PassDead_GCA,Std of TO_GCA,Std of Sh_GCA,Std of Fld_GCA,Std of Def_GCA,Std of Tkl_tackles,Std of TklW_da,Std of Def 3rd,Std of Mid 3rd,Std of Att 3rd,Std of Tkl_Challenges,Std of Att_da,Std of Tkl%_da,Std of Lost_da,Std of Blocks_da,Std of Sh_da,Std of Pass_da,Std of Int_da,Std of Tkl+Int,Std of Clr_da,Std of Err_da,Std of touches,Std of Def Pen,Std of def_3rd_p,Std of mid_3rd_p,Std of att_3rd_p,Std of att_pen_p,Std of live_p,Std of att_p,Std of succ_p,Std of succ%_p,Std of tkld_p,Std of tkld%_p,Std of carries,Std of totDist_p,Std of proDist_p,Std of progC_p,Std of 1/3_p,Std of cpa_p,Std of mis_p,Std of dis_p,Std of rec_p,Std of prgR_p,Std of starts_plt,Std of mn/start_plt,Std of compl_plt,Std of subs_plt,Std of mn/sub_plt,Std of unSub_plt,Std of PPM_plt,Std of onG_plt,Std of onGA_plt,Std of onxG_plt,Std of onxGA_plt,Std of fls,Std of fld_ms,Std of off_ms,Std of Crs_ms,Std of OG,Std of recov,Std of Won,Std of Lost,Std of Won%
all,23.0,22.66,10.14,16.0,16.94,11.17,1419.0,1518.37,949.24,1.0,2.24,3.35,1.0,1.96,2.92,1.0,1.77,2.5,2.0,3.31,2.84,0.0,0.12,0.34,1.2,2.46,3.58,1.1,2.29,3.13,1.0,1.78,2.21,17.0,29.3,32.61,45.0,59.74,57.63,31.0,59.49,72.09,0.07,0.14,0.19,0.05,0.1,0.14,0.15,0.24,0.26,0.07,0.13,0.18,0.15,0.23,0.25,0.08,0.15,0.18,0.07,0.11,0.11,0.17,0.26,0.24,0.08,0.14,0.17,0.17,0.25,0.23,28.0,33.54,22.3,1.64,1.71,0.62,80.0,98.43,65.49,56.0,65.97,44.94,67.7,66.88,8.46,6.0,8.05,6.62,4.0,4.43,3.04,6.0,8.03,6.53,3.0,4.24,3.88,20.0,20.15,14.57,2.0,2.89,2.63,2.0,2.59,2.57,0.0,0.22,0.48,0.0,0.08,0.28,0.0,9.72,21.94,1.0,2.55,3.87,13.0,22.14,23.24,4.0,7.58,9.19,32.7,31.62,18.61,1.16,1.37,1.09,0.31,0.47,0.49,0.08,0.09,0.11,0.265,0.29,0.26,16.3,16.51,4.75,0.0,0.6,1.85,0.0,0.2,0.86,0.0,0.23,0.95,1.3,2.57,3.63,1.2,2.4,3.17,0.09,0.1,0.07,-0.1,-0.03,1.44,-0.1,-0.05,1.42,495.0,636.69,549.4,632.0,788.72,633.58,78.75,78.26,8.29,7622.0,10819.31,9767.0,2373.0,3826.54,4156.02,246.0,306.08,263.63,279.0,342.44,283.21,88.7,88.05,6.87,175.0,259.87,254.35,215.0,299.8,274.75,84.55,82.87,10.26,32.0,54.25,63.75,61.0,104.48,132.34,53.25,54.45,15.11,1.0,1.76,2.5,1.0,1.78,2.21,0.9,1.57,1.9,0.5,0.76,0.85,9.0,16.08,18.58,30.0,47.42,50.36,8.0,13.86,16.25,1.0,2.92,4.42,44.0,59.63,57.7,570.0,716.13,583.86,38.0,69.67,87.3,8.0,18.93,27.45,1.0,2.68,4.54,2.0,4.09,5.94,10.0,26.88,42.43,5.0,27.21,54.76,0.0,8.35,23.08,0.0,4.06,11.77,0.0,2.45,8.83,0.0,0.2,0.93,495.0,636.69,549.4,2.0,2.92,3.13,12.0,14.82,13.31,25.0,37.49,37.8,2.09,2.22,1.46,19.0,27.48,27.12,0.0,3.12,7.66,1.0,2.17,3.43,1.0,2.43,2.96,1.0,1.56,2.26,0.0,0.73,1.13,3.0,4.22,4.98,0.19,0.25,0.27,2.0,2.97,3.56,0.0,0.27,0.8,0.0,0.3,0.74,0.0,0.34,0.73,0.0,0.26,0.64,0.0,0.08,0.3,22.0,27.18,23.84,13.0,15.96,14.22,9.0,13.2,13.16,7.0,10.16,9.58,2.0,3.82,4.01,10.0,12.63,12.12,21.0,25.74,22.81,48.0,47.33,20.4,10.0,13.11,12.2,16.0,18.83,15.36,3.0,5.99,7.95,11.0,12.84,10.87,9.0,12.78,12.7,30.0,39.96,34.87,18.0,31.6,36.07,0.0,0.67,1.1,815.0,962.62,715.24,37.0,107.13,200.94,180.0,315.71,347.81,315.0,411.06,369.17,173.0,244.83,240.24,23.0,40.45,47.66,815.0,962.41,715.13,17.0,28.7,32.89,8.0,13.11,15.48,46.3,47.29,19.1,7.0,12.55,14.86,42.9,41.84,18.96,461.0,551.27,435.36,2332.0,2916.07,2283.33,1160.0,1500.48,1259.3,17.0,29.17,32.63,14.0,20.53,20.15,3.0,9.28,16.12,15.0,21.8,20.96,9.0,14.47,16.03,520.0,630.7,508.07,30.0,59.2,72.14,16.0,17.03,11.14,82.0,80.06,8.96,8.0,10.8,10.21,4.0,5.73,5.18,20.0,21.37,9.73,2.0,4.92,6.44,1.3,1.34,0.59,25.0,27.86,20.33,26.0,27.64,18.24,23.6,26.28,18.19,24.8,26.15,17.01,14.0,16.9,13.67,12.0,16.33,15.73,1.0,2.92,4.67,10.0,26.88,42.43,0.0,0.1,0.33,62.0,74.39,55.92,12.0,20.47,23.84,16.0,20.39,20.94,46.7,48.18,21.54
Bournemouth,25.5,22.08,11.85,13.0,16.04,12.73,1317.5,1438.42,1074.14,0.5,1.92,3.73,1.0,1.58,1.63,1.0,1.5,1.5,3.0,3.0,2.94,0.0,0.12,0.33,1.15,2.19,3.91,1.15,2.1,3.49,1.1,1.57,1.6,22.0,27.04,26.18,43.5,50.04,45.89,27.5,49.5,59.09,0.015,0.14,0.22,0.08,0.11,0.12,0.15,0.25,0.29,0.015,0.14,0.21,0.15,0.25,0.29,0.06,0.19,0.3,0.07500000000000001,0.11,0.1,0.15,0.3,0.37,0.06,0.19,0.3,0.15,0.3,0.37,7.0,22.33,28.31,1.72,2.16,1.19,18.0,64.67,86.96,13.0,42.33,58.77,69.7,61.3,21.94,2.0,4.33,4.93,0.0,3.0,5.2,2.0,5.33,6.66,2.0,3.0,3.61,21.9,23.97,25.06,1.0,2.33,3.21,1.0,2.0,2.65,0.0,0.33,0.58,0.0,0.0,0.0,8.35,8.35,11.81,1.0,2.17,4.19,13.0,22.25,26.54,4.0,7.21,9.43,30.5,30.62,20.15,1.255,1.69,1.74,0.335,0.56,0.62,0.065,0.07,0.08,0.25,0.25,0.25,17.6,17.31,5.68,0.0,0.75,1.73,0.0,0.08,0.41,0.0,0.12,0.61,1.35,2.37,4.02,1.35,2.27,3.58,0.08,0.09,0.06,-0.2,-0.2,1.12,-0.15000000000000002,-0.19,1.12,385.5,455.15,383.69,540.5,608.62,495.15,74.75,73.93,6.37,5953.0,8459.27,8029.2,1703.5,3185.35,3668.22,188.0,190.15,141.14,237.5,224.15,164.96,85.2,85.91,6.89,142.5,201.88,208.13,172.5,237.92,230.48,81.0,81.71,10.55,25.5,53.31,65.08,56.5,113.38,141.76,47.1,49.3,13.63,1.0,1.5,1.5,1.1,1.57,1.6,0.95,1.28,1.36,0.4,0.57,0.71,10.5,15.88,15.79,25.0,40.88,44.78,12.5,13.5,12.01,2.0,3.38,4.21,43.5,50.04,45.89,463.0,537.65,450.77,42.5,68.81,80.65,6.5,16.08,23.65,1.0,1.81,3.39,2.5,3.5,4.19,14.0,27.04,34.54,4.0,29.46,56.97,0.0,9.0,21.68,0.0,7.35,18.52,0.0,0.35,1.06,0.0,0.15,0.37,385.5,455.15,383.69,1.5,2.15,2.36,16.5,13.77,10.35,30.0,36.38,31.95,2.37,2.53,1.54,25.5,26.85,23.46,1.0,2.69,5.04,1.0,2.35,3.35,1.5,2.15,2.46,1.0,1.31,1.62,1.0,1.04,1.18,3.0,3.19,2.62,0.2,0.23,0.23,2.0,2.38,2.17,0.0,0.12,0.43,0.0,0.19,0.49,0.0,0.23,0.71,0.0,0.12,0.33,0.0,0.15,0.37,24.0,26.46,23.33,14.5,15.65,13.42,7.5,11.5,11.31,9.5,10.69,10.31,3.5,4.27,4.36,9.0,12.42,11.51,27.0,26.19,23.11,47.35,46.25,14.43,13.0,13.77,12.57,17.0,19.15,16.91,3.0,5.81,7.99,12.5,13.35,11.88,7.5,13.62,16.55,33.5,40.08,38.46,22.0,31.12,35.29,0.0,0.62,1.06,733.0,790.69,605.02,43.0,95.15,187.02,138.0,260.69,309.06,284.0,323.62,301.05,160.5,216.92,203.43,14.5,39.54,51.36,733.0,790.58,604.97,17.5,32.92,36.52,10.0,14.46,15.97,43.1,46.73,16.99,8.0,15.62,18.83,42.6,40.04,19.86,365.5,421.15,328.96,2314.5,2536.69,1977.68,1162.0,1324.12,1107.1,22.0,27.04,26.18,17.5,19.5,20.28,2.5,9.19,12.91,16.0,24.27,29.06,9.0,14.73,20.02,421.5,449.65,348.54,27.5,49.5,59.09,13.0,16.04,12.73,83.0,79.0,9.96,5.5,9.5,10.85,5.5,6.04,5.28,23.0,23.27,8.01,3.0,4.42,5.61,1.23,1.24,0.31,19.0,22.81,16.92,28.5,28.15,19.35,19.0,23.5,17.71,26.05,24.42,17.71,16.0,19.38,16.14,12.5,14.31,12.51,1.0,2.15,3.39,14.0,27.04,34.54,0.0,0.04,0.2,72.0,76.96,66.15,15.0,22.19,23.9,21.0,25.65,29.39,42.1,45.77,21.68
Fulham,29.0,27.24,7.99,18.0,19.9,10.08,1593.0,1773.71,834.25,2.0,2.48,2.5,1.0,1.95,2.29,1.0,1.86,2.24,3.0,3.9,2.68,0.0,0.19,0.4,1.6,2.47,2.32,1.6,2.4,2.26,1.1,1.79,1.9,15.0,31.57,32.48,62.0,69.67,48.13,48.0,68.62,63.83,0.1,0.18,0.19,0.06,0.11,0.17,0.17,0.29,0.28,0.1,0.17,0.19,0.17,0.28,0.28,0.11,0.16,0.15,0.1,0.1,0.08,0.19,0.26,0.21,0.11,0.16,0.15,0.19,0.25,0.21,61.0,61.0,,1.61,1.61,,190.0,190.0,,133.0,133.0,,72.1,72.1,,13.0,13.0,,8.0,8.0,,17.0,17.0,,10.0,10.0,,26.3,26.3,,8.0,8.0,,8.0,8.0,,0.0,0.0,,0.0,0.0,,0.0,0.0,,2.0,2.7,2.52,15.0,24.8,20.56,7.0,8.65,7.18,33.9,37.65,18.71,1.27,1.45,1.08,0.475,0.55,0.51,0.1,0.15,0.21,0.3,0.38,0.32,15.85,15.56,5.58,0.0,0.7,1.69,0.0,0.1,0.45,0.0,0.1,0.45,1.6,2.59,2.31,1.6,2.51,2.25,0.095,0.14,0.2,0.05,0.11,0.85,0.05,0.08,0.89,912.0,772.43,454.43,1060.0,957.62,556.9,79.9,78.9,7.46,16128.0,13751.71,9035.37,3848.0,4771.67,4294.24,306.0,332.57,191.67,333.0,373.67,214.38,88.8,87.75,6.66,325.0,344.81,243.65,403.0,395.29,261.96,82.8,82.2,11.03,66.0,75.14,62.43,109.0,135.38,131.81,57.8,60.43,13.32,1.0,1.86,2.24,1.1,1.79,1.9,1.0,1.6,1.64,0.8,0.95,0.9,13.0,18.0,20.58,47.0,52.81,32.74,10.0,16.76,18.43,2.0,4.48,6.12,62.0,69.67,48.13,1029.0,872.0,485.2,38.0,83.24,104.29,17.0,22.0,23.41,2.0,2.76,3.42,3.0,5.62,5.66,19.0,34.81,53.57,2.0,32.29,82.15,0.0,10.1,32.75,0.0,3.33,10.82,0.0,4.67,16.22,0.0,0.05,0.22,912.0,772.43,454.43,2.0,2.38,1.96,13.0,19.86,17.58,29.0,41.62,38.03,1.97,2.2,1.48,21.0,30.95,27.53,0.0,3.76,10.66,1.0,1.86,1.88,3.0,3.19,3.11,0.0,1.14,1.93,0.0,0.71,0.85,2.0,4.48,4.58,0.19,0.27,0.3,1.0,3.43,3.94,0.0,0.29,0.96,0.0,0.19,0.4,0.0,0.38,0.74,0.0,0.14,0.36,0.0,0.05,0.22,24.0,32.1,33.92,14.0,18.14,17.79,9.0,16.05,20.13,8.0,12.24,12.74,2.0,3.81,3.43,11.0,16.43,22.87,21.0,32.14,35.49,47.65,44.09,19.76,12.0,15.71,14.44,16.0,20.71,15.26,3.0,5.57,5.42,12.0,15.14,13.14,13.0,17.52,18.85,40.0,49.62,50.15,19.0,35.33,33.8,0.0,0.67,1.11,1258.0,1150.14,624.93,34.0,132.71,273.75,214.0,408.1,423.59,519.0,490.14,292.57,220.0,262.67,228.45,31.0,39.95,31.03,1258.0,1150.05,624.9,20.0,25.38,22.66,9.0,12.52,11.23,48.15,52.54,19.91,9.0,10.67,10.24,42.05,37.84,20.0,794.0,657.05,344.63,3780.0,3435.48,2007.65,1855.0,1739.57,1132.68,15.0,31.57,32.48,13.0,23.95,24.09,4.0,7.14,8.37,25.0,24.62,17.26,10.0,15.29,11.81,884.0,765.57,377.16,48.0,68.62,63.83,18.0,19.9,10.08,80.0,80.38,7.84,7.0,11.62,10.59,5.0,7.33,6.26,18.0,18.16,7.23,3.0,4.29,4.27,1.24,1.22,0.12,25.0,28.48,13.77,28.0,31.19,13.66,25.5,26.27,12.8,28.8,32.32,13.84,16.0,17.76,11.46,11.0,17.0,14.36,2.0,2.43,2.96,19.0,34.81,53.57,0.0,0.19,0.51,72.0,86.86,57.55,13.0,22.81,19.31,19.0,23.67,23.79,52.2,50.24,16.17
Luton Town,23.0,22.84,9.16,16.0,16.72,10.16,1304.0,1500.84,865.7,1.0,1.76,2.4,0.0,1.52,2.47,0.0,1.32,1.99,3.0,2.8,2.02,0.0,0.0,0.0,1.0,1.75,2.5,1.0,1.59,1.94,0.7,1.2,1.45,15.0,27.0,31.27,37.0,44.44,36.32,21.0,43.72,49.71,0.07,0.13,0.17,0.0,0.08,0.1,0.18,0.21,0.21,0.07,0.12,0.16,0.18,0.2,0.21,0.06,0.11,0.11,0.06,0.07,0.06,0.14,0.18,0.15,0.06,0.1,0.11,0.14,0.18,0.14,85.0,85.0,,2.25,2.25,,221.0,221.0,,140.0,140.0,,63.3,63.3,,6.0,6.0,,8.0,8.0,,24.0,24.0,,2.0,2.0,,5.3,5.3,,4.0,4.0,,4.0,4.0,,0.0,0.0,,0.0,0.0,,0.0,0.0,,1.0,2.04,2.96,11.0,17.79,17.88,3.5,5.58,6.51,26.9,32.55,24.36,0.8500000000000001,1.15,0.85,0.265,0.36,0.32,0.08,0.09,0.1,0.25,0.34,0.33,16.05,16.06,4.2,0.0,0.46,1.32,0.0,0.21,1.02,0.0,0.21,1.02,1.05,1.82,2.53,1.05,1.66,1.95,0.08499999999999999,0.09,0.04,-0.1,0.22,1.03,-0.1,0.17,1.09,369.0,440.32,315.31,513.0,602.0,437.32,72.4,72.65,7.82,6404.0,8021.96,6908.25,1636.0,3236.36,4474.24,180.0,198.32,137.72,203.0,230.92,156.02,86.9,85.03,6.35,136.0,176.92,133.46,189.0,216.4,152.78,77.5,77.96,10.0,32.0,51.24,76.68,57.0,114.56,193.21,46.3,45.66,11.83,0.0,1.32,1.99,0.7,1.2,1.45,0.6,1.1,1.24,0.4,0.7,0.71,8.0,12.6,15.32,27.0,33.32,30.41,6.0,10.0,9.99,1.0,3.6,5.59,37.0,44.44,36.32,475.0,524.64,343.03,28.0,74.72,131.27,6.0,19.84,36.71,0.0,0.88,1.54,2.0,4.44,5.61,13.0,33.64,68.0,7.0,28.08,56.52,0.0,8.12,30.09,0.0,3.72,13.21,0.0,4.04,15.98,0.0,0.2,1.0,369.0,440.32,315.31,2.0,2.64,3.0,10.0,16.52,15.72,19.0,29.96,30.88,1.67,1.73,1.06,13.0,20.16,18.04,0.0,2.92,9.49,1.0,2.36,3.57,1.0,2.2,2.61,1.0,1.84,2.87,0.0,0.48,0.82,2.0,3.24,4.1,0.16,0.17,0.17,1.0,1.84,2.12,0.0,0.28,1.06,0.0,0.24,0.52,0.0,0.64,0.99,0.0,0.24,0.83,0.0,0.0,0.0,21.0,26.12,17.89,13.0,14.72,10.35,11.0,13.16,9.45,7.0,9.44,7.09,2.0,3.52,3.82,11.0,11.96,8.66,22.0,24.6,17.68,53.3,50.41,18.46,11.0,12.64,10.69,22.0,19.72,12.4,6.0,7.32,7.12,11.0,12.4,8.87,8.0,13.0,13.12,27.0,39.12,29.33,22.0,36.56,32.23,0.0,0.84,1.11,694.0,784.12,501.96,51.0,104.72,219.4,160.0,279.84,320.16,320.0,315.48,230.77,119.0,198.48,191.27,20.0,31.2,33.32,694.0,783.92,501.84,16.0,30.84,33.12,7.0,14.16,17.44,50.0,47.49,20.14,7.0,13.24,13.89,37.5,42.21,20.98,385.0,401.88,262.54,2122.0,2395.08,1816.22,1099.0,1191.04,990.73,15.0,27.0,31.27,9.0,19.2,19.3,2.0,6.76,10.39,18.0,23.16,19.14,10.0,15.36,15.82,439.0,435.2,277.99,21.0,43.72,49.71,16.0,16.72,10.16,80.0,79.6,6.91,8.0,10.4,9.69,4.0,6.12,6.02,21.5,22.8,7.3,2.0,3.08,4.08,0.68,0.68,0.15,22.0,22.76,13.96,36.0,37.16,21.54,18.2,18.6,11.23,28.9,34.18,19.47,18.0,17.68,11.26,12.0,17.92,16.25,1.0,2.68,4.06,13.0,33.64,68.0,0.0,0.16,0.47,64.0,74.6,49.61,17.0,25.4,27.61,16.0,25.2,33.12,50.0,53.17,19.89
Brighton,20.0,20.93,8.75,15.0,14.89,8.6,1344.5,1338.11,768.79,0.0,1.61,2.04,1.0,1.46,2.44,1.0,1.29,2.05,3.0,3.14,2.21,0.0,0.11,0.31,1.0,2.07,2.63,1.0,1.9,2.08,0.9,1.5,1.69,21.0,30.82,31.55,43.0,63.5,67.58,41.0,63.04,74.22,0.0,0.12,0.16,0.04,0.09,0.11,0.21500000000000002,0.21,0.19,0.0,0.11,0.15,0.21500000000000002,0.2,0.18,0.07500000000000001,0.14,0.15,0.1,0.11,0.09,0.22999999999999998,0.25,0.2,0.07500000000000001,0.13,0.14,0.22999999999999998,0.24,0.19,31.0,31.0,4.24,1.665,1.66,0.47,82.5,82.5,12.02,52.5,52.5,14.85,65.3,65.3,10.18,6.0,6.0,1.41,6.0,6.0,2.83,7.0,7.0,1.41,3.0,3.0,1.41,15.4,15.4,5.09,3.0,3.0,0.0,3.0,3.0,0.0,0.0,0.0,0.0,0.0,0.0,0.0,0.0,0.0,0.0,0.0,1.79,2.42,14.0,19.75,18.04,5.5,7.07,7.02,36.4,32.95,17.78,1.18,1.44,1.25,0.405,0.52,0.5,0.06,0.07,0.08,0.19,0.18,0.16,16.8,17.28,4.66,0.0,0.39,1.07,0.0,0.18,0.77,0.0,0.21,0.96,1.0,2.07,2.63,1.0,1.9,2.08,0.08,0.08,0.03,-0.3,-0.28,1.06,-0.3,-0.29,1.07,500.5,778.0,777.75,617.5,892.61,852.68,84.1,84.21,5.4,6916.0,12168.21,13049.34,1599.5,4059.07,5040.55,304.0,412.82,380.96,328.0,444.79,395.86,91.6,91.58,4.35,167.0,294.68,342.53,192.5,325.39,363.41,86.5,86.29,7.65,18.5,46.29,59.36,28.5,77.29,99.39,58.900000000000006,59.23,15.71,1.0,1.29,2.05,0.9,1.5,1.69,0.9,1.56,1.91,0.6,0.66,0.64,9.5,15.29,19.74,23.0,53.0,66.59,7.5,13.71,16.6,1.0,2.89,5.67,43.0,63.5,67.58,561.5,832.11,795.2,35.0,57.5,68.49,6.0,18.25,30.39,1.5,2.21,2.28,1.0,2.71,4.27,7.0,23.96,46.41,6.5,19.29,26.43,0.0,7.36,25.1,0.0,3.07,10.69,0.0,2.61,10.81,0.0,0.18,0.67,500.5,778.0,777.75,2.0,3.0,2.64,9.5,11.68,9.27,23.0,36.0,37.72,2.55,2.43,1.3,16.0,26.71,24.71,0.0,3.11,10.16,0.5,1.93,3.28,1.0,2.5,3.25,0.0,1.36,2.18,0.0,0.39,0.57,2.0,3.18,3.87,0.14500000000000002,0.2,0.18,2.0,2.11,2.3,0.0,0.18,0.55,0.0,0.32,0.98,0.0,0.32,0.61,0.0,0.21,0.57,0.0,0.04,0.19,19.5,22.96,17.42,13.5,13.07,11.21,9.0,10.39,9.0,7.0,9.0,6.69,3.0,3.57,3.69,9.0,10.93,9.78,18.0,23.39,18.04,45.95,44.55,21.76,9.5,12.46,9.67,11.5,15.5,14.07,2.0,4.96,8.47,9.5,10.54,8.97,8.5,10.29,8.94,29.0,33.25,24.66,13.0,21.43,22.93,0.0,0.75,1.14,719.0,1037.68,910.46,25.5,114.07,203.53,132.5,337.04,422.03,285.0,466.75,474.6,151.0,240.75,228.86,20.5,38.5,46.84,719.0,1037.46,910.33,17.0,25.5,31.34,6.0,10.57,12.94,40.7,41.95,21.17,6.0,11.5,15.36,43.3,43.99,20.32,466.5,678.04,618.18,2217.0,3313.89,2943.75,1026.5,1744.07,1669.23,21.0,30.82,31.55,16.5,20.79,18.3,2.5,9.57,17.51,15.0,20.46,18.78,6.5,12.18,13.99,512.0,769.04,717.06,41.0,63.04,74.22,15.0,14.89,8.6,79.5,76.86,11.12,5.5,8.54,9.27,5.0,6.04,4.52,22.5,24.58,10.03,3.0,4.68,5.37,1.295,1.26,0.31,20.0,21.54,13.31,26.0,24.21,12.8,21.75,22.25,13.04,22.3,21.64,12.42,12.0,14.68,9.91,12.5,16.21,14.45,1.5,2.96,4.06,7.0,23.96,46.41,0.0,0.07,0.26,43.5,62.39,45.85,7.5,14.46,17.05,11.5,12.21,8.81,45.7,47.94,23.5
West Ham,23.5,23.36,10.83,21.0,19.0,13.51,1776.0,1701.73,1137.04,1.0,2.41,3.91,0.0,2.0,3.02,0.0,1.82,2.65,2.0,3.5,3.58,0.0,0.09,0.29,1.3,2.38,3.06,1.25,2.2,2.93,0.35,1.6,2.23,10.0,25.45,31.88,33.5,54.23,52.49,28.0,53.73,64.41,0.045,0.13,0.2,0.0,0.07,0.09,0.095,0.2,0.23,0.045,0.13,0.2,0.095,0.19,0.23,0.07,0.13,0.12,0.055,0.07,0.07,0.11499999999999999,0.2,0.17,0.07,0.12,0.11,0.11499999999999999,0.19,0.16,37.0,37.0,22.63,2.1950000000000003,2.2,0.6,120.5,120.5,95.46,84.5,84.5,72.83,70.25,70.25,6.01,7.0,7.0,5.66,5.0,5.0,5.66,7.0,7.0,5.66,2.5,2.5,2.12,13.600000000000001,13.6,0.99,5.0,5.0,2.83,4.0,4.0,1.41,1.0,1.0,1.41,0.0,0.0,0.0,14.3,14.3,20.22,1.0,2.71,4.06,14.0,21.05,22.63,3.0,6.81,8.86,25.4,27.21,13.45,1.26,1.28,0.97,0.27,0.37,0.34,0.07,0.09,0.08,0.33,0.32,0.25,17.3,16.41,4.95,0.0,0.81,3.49,0.0,0.19,0.6,0.0,0.24,0.62,1.3,2.49,3.08,1.3,2.3,2.96,0.1,0.09,0.04,-0.1,0.22,1.34,-0.1,0.22,1.31,483.0,565.82,454.08,668.5,737.09,570.65,75.5,75.72,7.3,8262.0,9883.05,7692.87,2709.5,3873.36,3609.05,148.5,271.86,250.7,167.5,308.09,279.26,89.35,88.09,6.56,186.0,216.82,176.39,217.0,258.73,206.31,81.1,82.51,10.72,53.5,60.18,59.29,95.0,123.05,128.77,49.8,47.52,16.38,0.0,1.82,2.65,0.35,1.6,2.23,0.35,1.4,1.92,0.3,0.54,0.77,5.0,13.86,16.95,24.0,43.77,44.41,5.0,10.27,13.77,1.0,3.27,5.62,33.5,54.23,52.49,576.0,655.5,503.15,39.5,78.45,106.69,10.5,19.36,25.15,1.0,2.68,6.3,4.0,7.14,8.4,7.0,30.09,47.5,3.0,32.64,84.02,0.0,7.5,25.82,0.0,4.23,14.53,0.0,2.77,11.28,0.0,0.0,0.0,483.0,565.82,454.08,2.0,3.14,3.09,9.5,18.64,20.06,16.5,35.27,37.09,1.935,1.96,1.36,12.5,23.23,23.19,0.5,4.14,11.23,0.0,2.64,5.45,1.0,2.0,2.14,1.0,2.14,3.21,1.0,1.14,1.25,1.5,4.73,6.06,0.16,0.21,0.21,1.0,3.18,4.16,0.0,0.5,1.54,0.0,0.36,0.79,0.0,0.36,0.79,0.0,0.18,0.5,0.0,0.14,0.35,19.0,30.68,30.53,11.0,19.18,19.58,11.5,15.86,16.44,6.5,11.18,11.86,1.5,3.64,4.83,9.5,13.73,14.31,16.0,27.14,25.63,48.1,49.24,18.44,8.5,13.41,12.37,18.5,21.86,19.41,3.0,8.05,9.68,8.5,13.82,13.18,8.5,16.27,15.69,31.0,46.95,44.48,15.0,41.14,45.72,0.0,0.36,0.85,898.5,940.18,700.15,51.5,118.09,181.13,224.0,330.14,294.23,299.0,407.45,361.63,108.5,212.5,221.4,22.5,34.0,40.97,898.5,939.91,699.87,12.5,33.77,50.36,6.0,16.05,27.07,46.2,46.84,24.62,6.5,14.5,19.74,41.9,43.61,21.13,445.5,504.14,365.16,2329.0,2744.14,2019.74,1216.5,1306.95,983.42,10.0,25.45,31.88,9.5,16.86,17.85,2.0,7.68,13.08,11.5,23.14,27.32,8.0,18.0,26.6,408.5,560.68,429.88,28.0,53.73,64.41,21.0,18.86,13.69,86.0,83.52,6.04,15.0,13.95,11.75,3.0,4.32,4.3,23.0,22.06,9.78,3.0,7.82,9.52,1.365,1.36,0.35,30.0,29.77,21.32,39.0,36.41,24.59,26.05,25.87,17.5,36.650000000000006,35.06,23.59,12.5,17.05,15.62,6.5,17.64,20.71,1.0,3.23,5.56,7.0,30.09,47.5,0.0,0.18,0.5,62.5,81.55,68.32,20.0,25.59,26.63,23.0,25.55,23.58,50.0,48.73,22.92
Crystal Palace,22.5,22.46,9.48,17.5,17.42,10.99,1587.5,1566.0,910.74,0.0,2.17,3.86,1.0,1.96,2.4,1.0,1.79,2.11,2.5,3.04,2.6,0.0,0.08,0.28,0.6,2.05,2.98,0.6,1.92,2.68,1.0,1.61,1.71,14.5,21.08,21.16,40.5,48.96,38.63,17.5,48.38,58.32,0.0,0.11,0.21,0.045,0.1,0.13,0.08,0.21,0.3,0.0,0.1,0.19,0.08,0.2,0.28,0.04,0.12,0.14,0.07,0.1,0.11,0.125,0.21,0.22,0.04,0.11,0.13,0.125,0.21,0.21,28.5,28.5,2.12,1.51,1.51,0.23,76.5,76.5,13.44,49.0,49.0,11.31,64.5,64.5,2.55,6.5,6.5,2.12,5.0,5.0,1.41,7.5,7.5,2.12,5.0,5.0,1.41,26.1,26.1,5.52,1.5,1.5,0.71,1.5,1.5,0.71,0.0,0.0,0.0,0.0,0.0,0.0,0.0,0.0,0.0,0.0,2.43,4.37,10.0,19.65,21.97,2.0,7.04,9.56,27.3,25.75,18.23,0.59,1.31,1.27,0.2,0.41,0.47,0.0,0.06,0.09,0.195,0.2,0.2,18.2,16.81,4.59,0.0,0.87,2.63,0.0,0.17,0.49,0.0,0.17,0.49,0.6,2.13,3.02,0.6,2.0,2.7,0.08,0.08,0.05,0.0,0.3,1.59,0.0,0.26,1.48,479.5,537.38,419.08,599.5,697.0,526.33,77.0,76.38,8.47,7843.5,9382.5,8376.38,2749.5,3532.5,3530.5,237.5,251.33,176.43,266.5,287.96,201.89,87.6,87.2,6.06,159.0,222.17,218.47,209.5,261.62,245.13,84.55,83.91,8.83,27.5,50.0,63.22,68.0,108.29,134.27,47.4,50.69,16.14,1.0,1.79,2.11,1.0,1.61,1.71,1.05,1.32,1.49,0.25,0.6,0.72,14.0,14.71,13.95,36.0,41.42,40.49,6.0,11.38,12.23,1.5,2.5,3.44,40.5,48.96,38.63,546.0,621.88,479.63,39.5,72.12,84.77,10.5,20.08,26.09,1.0,2.17,2.75,1.5,4.04,7.23,10.5,24.29,33.03,1.0,30.04,76.93,0.0,7.42,16.79,0.0,3.38,7.83,0.0,2.38,5.43,0.0,0.25,0.74,479.5,537.38,419.08,2.0,3.0,3.44,13.5,15.25,15.26,25.5,33.08,29.33,2.1550000000000002,1.98,1.49,20.0,23.08,18.09,0.0,3.08,6.27,0.5,2.0,3.35,1.0,2.08,2.48,0.5,1.88,3.26,1.0,0.96,1.0,3.0,4.29,4.06,0.14500000000000002,0.27,0.27,3.0,3.54,3.16,0.0,0.17,0.38,0.0,0.25,0.53,0.0,0.08,0.28,0.0,0.25,0.61,0.0,0.0,0.0,31.0,32.83,25.07,17.0,19.33,14.78,12.5,15.54,16.36,12.0,12.54,8.35,3.0,4.75,4.45,14.0,14.04,10.97,24.0,25.38,17.03,50.0,55.55,18.22,10.0,11.33,7.52,17.0,19.0,15.81,2.0,5.08,5.91,11.5,13.92,13.0,11.0,13.42,11.67,46.0,46.25,34.7,17.0,38.58,50.21,0.0,0.25,0.53,733.5,889.0,629.63,27.0,97.58,149.24,163.5,300.83,321.63,359.5,386.12,302.3,161.5,211.46,196.51,14.0,33.21,36.05,732.5,888.83,629.62,14.5,30.71,38.3,8.5,14.21,17.14,48.400000000000006,50.26,16.05,5.5,13.33,17.66,41.349999999999994,40.27,16.08,367.5,455.54,322.89,1886.0,2312.58,1756.28,875.0,1117.75,926.56,14.5,21.08,21.16,11.0,15.96,16.62,2.0,7.08,11.06,12.5,25.25,27.15,7.5,17.75,22.6,457.0,533.21,382.52,17.5,48.38,58.32,17.5,17.42,10.99,85.0,84.33,5.09,11.0,12.17,10.05,4.0,5.04,5.14,17.0,18.78,11.93,2.5,4.96,6.19,1.29,1.28,0.37,29.5,26.12,15.96,26.0,26.38,15.58,23.05,22.24,12.47,23.700000000000003,23.78,13.77,16.0,19.04,14.88,11.5,17.79,21.1,1.0,3.0,5.53,10.5,24.29,33.03,0.0,0.08,0.28,75.0,79.46,60.45,12.5,22.92,24.21,17.0,23.12,20.75,48.5,50.27,17.86
Sheffield Utd,14.5,18.8,10.58,11.0,13.93,10.55,940.5,1247.1,943.25,0.0,0.87,1.55,0.0,0.77,1.57,0.0,0.6,1.33,2.0,3.37,3.11,0.0,0.17,0.46,0.45,1.32,1.9,0.4,1.19,1.66,0.45,0.87,1.25,7.0,11.4,13.34,16.5,29.43,30.05,18.0,29.07,33.77,0.0,0.06,0.12,0.0,0.03,0.06,0.0,0.09,0.17,0.0,0.04,0.1,0.0,0.08,0.14,0.055,0.09,0.12,0.045,0.07,0.09,0.11,0.17,0.16,0.045,0.09,0.11,0.10500000000000001,0.16,0.15,52.0,52.0,38.18,2.8,2.8,0.17,131.5,131.5,102.53,83.0,83.0,66.47,60.650000000000006,60.65,4.31,1.5,1.5,2.12,3.5,3.5,0.71,14.0,14.0,11.31,0.5,0.5,0.71,1.7,1.7,2.4,3.5,3.5,3.54,2.5,2.5,3.54,0.0,0.0,0.0,1.0,1.0,0.0,0.0,0.0,,0.0,1.0,1.85,6.5,11.96,13.72,1.5,3.89,4.85,26.5,31.03,25.84,0.575,0.89,0.81,0.18,0.29,0.35,0.0,0.03,0.05,0.0,0.12,0.16,15.4,16.61,5.69,0.0,0.21,1.13,0.0,0.14,0.45,0.0,0.14,0.45,0.45,1.3,1.92,0.4,1.19,1.7,0.07,0.1,0.07,-0.2,-0.3,0.56,-0.3,-0.33,0.58,198.0,304.93,279.09,281.5,431.7,390.08,71.3,69.99,7.6,2930.0,5478.17,5566.14,867.0,2327.57,3235.31,105.0,142.3,124.43,116.5,169.17,144.81,85.4,83.47,8.93,61.0,120.57,126.5,85.0,150.67,153.76,79.3,76.18,12.51,10.5,33.97,52.42,28.5,85.73,140.53,41.5,46.03,16.15,0.0,0.5,1.25,0.4,0.77,1.19,0.3,0.64,0.9,0.3,0.43,0.43,3.0,7.63,13.07,14.0,22.37,23.78,3.5,5.77,7.47,1.0,1.5,2.13,14.5,27.73,30.23,249.0,375.17,336.0,18.0,54.53,83.24,2.0,12.43,25.77,0.0,0.63,1.07,0.5,1.7,2.72,5.5,13.03,23.41,1.5,22.1,42.96,0.0,4.47,15.42,0.0,2.17,8.35,0.0,1.57,5.98,0.0,0.2,0.81,198.0,304.93,279.09,2.0,2.0,2.26,8.0,10.03,9.23,11.0,18.03,22.2,1.3650000000000002,1.43,0.97,7.5,12.67,14.61,0.0,1.83,4.55,0.0,1.13,2.49,1.0,1.37,1.69,0.0,0.67,1.15,0.0,0.37,0.67,1.0,1.5,2.57,0.03,0.1,0.14,0.0,0.97,1.99,0.0,0.07,0.25,0.0,0.13,0.43,0.0,0.2,0.41,0.0,0.1,0.31,0.0,0.03,0.18,17.0,22.53,26.44,8.0,12.8,16.02,5.5,12.17,15.12,5.5,7.83,9.97,2.0,2.53,3.1,5.5,9.5,10.95,13.0,20.0,21.0,42.6,39.33,21.99,7.0,10.5,11.03,11.0,16.4,16.07,3.0,6.0,8.27,6.0,10.4,9.77,6.0,11.23,12.08,22.5,33.77,37.11,19.0,34.13,42.06,0.0,0.6,1.28,391.0,570.9,493.74,31.0,93.0,179.24,118.0,234.07,284.4,143.0,227.07,217.2,90.5,115.2,113.08,9.0,19.2,21.03,390.5,570.77,493.71,11.5,16.17,17.14,5.0,7.23,8.41,49.2,45.27,24.22,5.0,7.73,8.33,44.1,43.39,21.43,199.0,261.73,216.11,1018.5,1333.4,1129.98,482.0,629.37,586.32,7.0,9.57,10.65,6.0,8.4,8.43,1.5,3.63,5.5,9.5,14.6,15.33,6.0,9.4,10.16,224.0,298.43,250.73,14.5,25.4,30.49,11.0,13.93,10.55,79.5,73.8,15.16,7.0,8.77,9.42,4.5,4.87,3.77,25.0,26.33,8.58,2.0,4.3,5.18,0.42,0.38,0.17,11.0,12.8,10.27,28.5,37.77,28.53,9.4,13.96,11.08,21.05,27.88,20.54,10.0,13.6,13.18,9.0,9.63,7.09,1.0,2.1,3.19,5.5,13.03,23.41,0.0,0.23,0.5,37.0,51.27,47.41,7.0,19.17,26.69,15.5,22.03,23.94,46.7,42.26,19.78
Nott'ham Forest,20.0,19.0,9.96,15.0,13.93,8.64,1439.0,1248.77,772.05,0.0,1.77,3.14,1.0,1.8,2.94,1.0,1.77,2.84,2.5,2.83,2.28,0.0,0.1,0.31,0.8,2.01,3.06,0.8,1.98,3.02,0.8500000000000001,1.53,2.24,11.5,23.03,32.16,35.5,40.3,37.11,21.0,46.63,71.22,0.0,0.09,0.17,0.05,0.1,0.13,0.1,0.2,0.23,0.0,0.09,0.17,0.1,0.19,0.23,0.065,0.11,0.14,0.055,0.09,0.09,0.135,0.2,0.21,0.065,0.11,0.14,0.135,0.2,0.21,27.0,22.33,8.96,1.69,1.91,0.42,61.0,54.33,29.57,36.0,32.67,21.2,57.4,58.3,8.78,4.0,3.0,1.73,4.0,3.0,2.65,8.0,6.67,2.31,1.0,1.33,0.58,11.8,12.7,6.89,1.0,1.33,0.58,1.0,1.33,0.58,0.0,0.0,0.0,0.0,0.0,0.0,0.0,0.0,0.0,0.5,1.93,3.24,10.5,17.68,18.54,2.0,5.79,7.54,20.0,23.91,18.96,0.85,1.12,0.74,0.26,0.33,0.36,0.03,0.07,0.09,0.26,0.31,0.34,17.0,16.56,5.19,0.0,0.25,0.84,0.0,0.04,0.19,0.0,0.04,0.19,0.9500000000000001,2.15,3.12,0.9500000000000001,2.12,3.08,0.08,0.1,0.07,-0.15000000000000002,-0.22,1.7,-0.15000000000000002,-0.23,1.71,373.0,410.97,266.92,513.0,543.93,354.73,75.4,75.62,6.94,6807.0,7211.83,4994.52,2066.5,2819.77,2512.74,186.0,193.5,130.41,227.0,225.8,153.3,86.35,86.18,7.43,145.0,163.27,116.37,172.5,201.5,138.71,79.94999999999999,80.23,11.43,32.0,42.5,44.0,48.5,84.43,90.64,53.650000000000006,53.25,11.29,1.0,1.77,2.84,0.8500000000000001,1.53,2.24,0.6,1.08,1.52,0.5,0.69,0.66,7.0,12.3,16.0,25.0,31.07,28.4,5.0,9.43,11.06,0.0,2.37,4.01,35.5,40.3,37.11,421.0,486.73,323.48,31.0,54.53,60.28,7.0,13.63,20.01,1.0,1.77,3.28,1.0,2.8,4.66,6.0,22.03,37.95,3.0,22.47,37.68,0.0,4.93,17.93,0.0,2.67,8.44,0.0,1.83,8.2,0.0,0.0,0.0,373.0,410.97,266.92,2.0,2.67,2.7,9.5,11.63,11.01,17.0,28.1,31.3,1.655,1.79,1.2,14.5,20.5,20.48,0.0,2.23,7.01,0.0,1.7,2.55,1.0,2.03,2.28,0.0,1.13,1.81,0.0,0.5,0.68,2.0,3.33,4.29,0.19,0.21,0.2,2.0,2.67,3.58,0.0,0.17,0.59,0.0,0.2,0.61,0.0,0.13,0.35,0.0,0.07,0.25,0.0,0.1,0.31,21.0,25.0,20.65,13.5,14.77,12.32,9.0,15.0,13.62,5.5,7.43,7.16,1.0,2.57,3.09,10.5,11.17,9.52,24.5,21.1,16.79,50.0,51.22,18.25,7.5,9.93,8.42,12.0,17.3,14.14,3.0,5.6,6.34,7.0,11.7,10.34,9.0,11.33,10.44,30.0,36.33,29.55,25.0,32.67,35.3,0.0,0.47,0.82,622.0,699.23,454.87,44.5,83.5,113.53,180.0,247.07,210.6,292.5,285.9,220.81,112.5,173.83,194.7,13.0,30.93,39.39,622.0,699.2,454.78,10.5,22.17,29.07,5.0,9.93,12.51,43.849999999999994,49.95,18.63,5.0,10.07,13.82,45.75,43.21,17.39,287.0,359.67,251.34,1182.0,1940.8,1602.08,617.0,1033.93,928.48,11.5,23.03,32.16,10.0,14.17,17.27,1.0,6.7,12.9,10.0,18.6,19.99,7.5,10.07,10.84,345.0,415.23,292.3,21.0,46.63,71.22,15.5,14.6,8.54,82.5,80.53,8.42,8.0,8.83,7.22,5.0,5.37,4.31,19.0,18.56,8.48,3.5,5.03,5.42,0.97,1.0,0.24,17.0,19.47,13.22,27.0,25.53,15.47,19.55,19.57,12.65,21.85,20.66,12.41,12.0,14.67,12.44,7.5,13.1,15.37,0.5,2.93,4.73,6.0,22.03,37.95,0.0,0.07,0.25,53.5,62.33,46.07,14.0,19.5,18.1,11.0,18.97,21.42,54.5,55.47,19.81
Wolves,25.0,22.48,11.93,11.0,16.72,13.36,1222.0,1499.88,1113.96,1.0,1.72,2.99,1.0,1.68,2.82,1.0,1.52,2.5,2.0,4.0,3.83,0.0,0.12,0.33,1.1,1.96,2.48,1.1,1.83,2.22,1.1,1.34,1.47,22.0,27.68,32.72,37.0,48.24,42.88,21.0,48.4,52.33,0.03,0.12,0.24,0.03,0.08,0.14,0.08,0.2,0.29,0.03,0.11,0.24,0.08,0.19,0.28,0.07,0.13,0.14,0.05,0.09,0.12,0.13,0.23,0.24,0.07,0.13,0.14,0.13,0.22,0.24,32.5,32.5,36.06,1.68,1.68,0.06,101.5,101.5,122.33,69.5,69.5,86.97,63.35,63.35,14.21,6.5,6.5,7.78,3.5,3.5,4.95,9.0,9.0,9.9,2.5,2.5,2.12,22.349999999999998,22.35,15.49,4.0,4.0,5.66,4.0,4.0,5.66,0.0,0.0,0.0,0.0,0.0,0.0,0.0,0.0,,1.0,1.96,3.33,12.5,18.04,18.36,4.0,6.54,8.25,33.3,33.22,15.91,1.12,1.21,0.77,0.275,0.44,0.39,0.06,0.08,0.11,0.2,0.23,0.25,16.700000000000003,16.37,4.9,0.0,0.5,1.56,0.0,0.17,0.48,0.0,0.17,0.48,1.2000000000000002,2.04,2.5,1.2000000000000002,1.9,2.24,0.095,0.1,0.05,-0.3,-0.08,1.26,-0.3,-0.11,1.24,515.0,630.56,532.7,653.0,780.24,636.68,79.7,79.3,6.81,7798.0,10392.92,9364.32,2105.0,3406.0,3621.72,256.0,314.64,261.53,312.0,350.48,287.23,89.6,89.23,6.08,174.0,247.56,248.12,212.0,284.8,273.45,84.7,84.49,9.37,31.0,49.08,53.4,57.0,101.76,122.45,51.4,52.15,15.21,1.0,1.52,2.5,1.1,1.34,1.47,0.8,1.16,1.28,0.5,0.88,1.14,9.0,12.88,12.79,23.0,37.08,33.86,7.0,10.16,11.09,1.0,2.52,3.32,37.0,48.24,42.88,566.0,709.4,591.38,46.0,67.76,82.12,11.0,17.76,18.24,1.0,2.0,2.83,3.0,5.04,6.25,13.0,23.76,34.89,7.0,27.36,56.43,0.0,6.32,15.48,0.0,3.04,7.94,0.0,1.64,4.24,0.0,0.6,2.08,515.0,630.56,532.7,2.0,3.08,3.21,11.0,13.72,12.43,20.0,30.2,27.48,1.91,1.93,1.19,16.0,21.16,17.12,0.0,2.6,6.03,1.0,2.12,3.27,1.0,1.92,2.16,0.0,1.8,2.6,0.0,0.6,1.26,2.0,3.36,4.2,0.13,0.18,0.22,2.0,2.2,2.63,0.0,0.28,0.89,0.0,0.28,0.74,0.0,0.24,0.44,0.0,0.28,0.68,0.0,0.08,0.28,20.0,29.84,31.84,13.0,17.32,19.36,9.0,16.52,18.85,7.0,10.16,11.29,2.0,3.16,3.27,9.0,12.6,12.16,21.0,24.6,23.05,50.0,46.77,18.74,10.0,12.0,11.93,17.0,20.48,18.44,2.0,6.92,10.46,12.0,13.56,11.65,7.0,11.16,12.28,30.0,41.0,41.75,18.0,33.4,44.48,0.0,0.68,1.31,811.0,954.96,750.47,33.0,113.24,221.34,170.0,348.08,407.94,345.0,417.0,354.52,169.0,200.16,181.42,30.0,30.76,32.4,811.0,954.8,750.44,16.0,33.16,39.4,9.0,16.52,19.58,49.75,56.68,23.85,5.0,13.32,16.32,41.55,34.42,20.63,478.0,532.24,421.01,2586.0,2907.2,2267.84,999.0,1494.24,1280.29,22.0,27.68,32.72,16.0,21.36,22.8,2.0,7.0,11.36,13.0,22.04,22.12,10.0,15.88,16.49,481.0,627.44,498.9,21.0,48.4,52.33,11.0,16.92,13.17,80.0,79.16,8.03,5.0,10.8,11.45,4.0,6.16,6.0,20.0,22.05,11.67,3.0,6.48,8.02,1.19,1.13,0.42,18.0,22.64,17.03,24.0,28.6,20.28,17.7,20.96,15.05,23.8,29.65,21.62,13.0,19.32,17.02,13.0,16.52,14.99,2.0,3.08,3.6,13.0,23.76,34.89,0.0,0.04,0.2,65.0,76.2,63.69,8.0,17.76,21.91,21.0,19.92,14.37,38.5,42.22,24.82
Brentford,26.0,22.96,10.35,15.0,16.72,10.88,1321.0,1496.84,910.12,1.0,1.8,2.58,1.0,1.52,1.94,1.0,1.4,1.5,3.0,3.24,2.67,0.0,0.08,0.28,1.2,2.23,2.88,1.2,2.14,2.65,1.4,1.63,1.43,15.0,18.84,17.53,40.0,49.56,41.23,31.0,46.72,51.43,0.07,0.12,0.16,0.06,0.1,0.12,0.14,0.23,0.24,0.07,0.12,0.15,0.14,0.22,0.23,0.07,0.18,0.25,0.09,0.1,0.07,0.19,0.29,0.26,0.07,0.18,0.24,0.19,0.28,0.26,32.5,32.5,43.13,1.53,1.53,0.28,92.0,92.0,118.79,59.5,59.5,75.66,70.15,70.15,6.86,5.0,5.0,7.07,4.5,4.5,6.36,9.5,9.5,12.02,3.5,3.5,4.95,9.45,9.45,13.36,1.0,1.0,1.41,1.0,1.0,1.41,0.0,0.0,0.0,0.0,0.0,0.0,0.0,0.0,,1.0,2.0,2.87,10.5,18.12,17.84,4.0,6.21,6.93,33.3,34.67,22.44,0.9199999999999999,1.29,1.02,0.245,0.54,0.7,0.1,0.11,0.11,0.405,0.35,0.29,15.8,15.85,4.92,0.0,0.67,1.86,0.0,0.12,0.61,0.0,0.12,0.61,1.25,2.33,2.91,1.25,2.22,2.67,0.11,0.13,0.09,-0.15000000000000002,-0.32,1.17,-0.15000000000000002,-0.35,1.19,327.0,489.92,398.27,462.0,655.32,502.74,73.3,73.61,7.45,5565.0,8870.16,8434.28,1897.0,3498.0,4610.74,164.0,217.16,164.67,206.0,256.04,188.42,86.4,85.14,7.83,131.0,206.6,199.21,167.0,253.0,221.14,78.4,78.87,10.65,27.0,54.36,80.35,62.0,109.44,165.19,50.5,51.59,12.56,1.0,1.4,1.5,1.4,1.63,1.43,1.0,1.5,1.44,0.7,0.68,0.5,10.0,12.64,11.65,29.0,37.8,32.49,10.0,12.6,11.32,2.0,4.16,5.33,40.0,49.56,41.23,428.0,583.76,444.41,49.0,68.84,98.74,8.0,18.28,33.68,1.0,2.6,3.83,3.0,4.48,5.66,16.0,27.36,30.83,15.0,26.8,30.14,0.0,7.24,16.49,0.0,3.08,7.67,0.0,2.04,4.49,0.0,0.4,1.19,327.0,489.92,398.27,2.0,2.72,2.49,13.0,13.04,8.75,24.0,30.48,25.46,2.26,1.98,1.0,18.0,21.0,17.35,0.0,4.08,8.26,1.0,1.24,1.61,2.0,1.96,2.05,1.0,1.68,2.1,0.0,0.52,0.71,3.0,3.04,2.98,0.12,0.22,0.23,2.0,2.08,2.2,0.0,0.28,0.68,0.0,0.12,0.33,0.0,0.32,0.56,0.0,0.24,0.52,0.0,0.0,0.0,26.0,26.48,20.88,15.0,15.64,12.67,12.0,13.72,11.88,9.0,9.72,8.43,2.0,3.04,2.81,9.0,12.48,10.26,20.0,27.24,25.07,45.85,45.28,24.4,10.0,14.76,16.55,15.0,18.32,14.63,3.0,5.68,7.33,8.0,12.64,10.9,10.0,15.0,15.12,33.0,41.48,34.6,17.0,36.0,43.01,0.0,0.68,1.11,704.0,825.12,584.83,32.0,114.88,253.28,132.0,314.92,381.1,281.0,320.92,253.54,162.0,196.12,160.67,23.0,36.08,33.57,704.0,825.0,584.78,14.0,21.16,19.02,8.0,9.16,6.87,45.0,49.22,17.21,7.0,9.6,10.66,43.5,39.51,17.98,358.0,425.12,302.45,1958.0,2185.4,1498.73,864.0,1141.56,855.73,15.0,18.84,17.53,11.0,13.4,12.91,3.0,5.6,9.06,17.0,21.12,17.73,7.0,9.72,8.62,417.0,479.68,339.0,31.0,46.72,51.43,15.0,16.24,11.31,81.0,80.92,7.82,6.0,9.68,10.07,3.0,5.64,6.12,18.0,17.68,10.83,1.0,4.36,8.01,1.05,1.01,0.3,20.0,23.6,15.8,27.0,27.12,18.06,19.9,24.59,16.29,21.7,23.5,15.78,11.0,14.44,11.25,11.0,15.56,13.51,2.0,2.68,3.94,16.0,27.36,30.83,0.0,0.0,0.0,62.0,73.08,53.02,14.0,24.68,27.22,22.0,22.44,17.01,45.6,44.99,19.63
Manchester City,29.0,24.95,9.35,24.0,19.9,11.33,2042.0,1785.57,948.83,2.0,4.05,5.76,1.0,3.67,4.35,1.0,3.24,3.78,2.0,2.52,2.52,0.0,0.1,0.3,1.9,3.9,6.65,1.9,3.52,5.37,1.4,2.88,3.2,37.0,53.48,51.46,100.0,98.0,87.53,55.0,96.57,93.56,0.15,0.19,0.23,0.09,0.16,0.19,0.22,0.36,0.35,0.15,0.18,0.19,0.22,0.34,0.32,0.11,0.18,0.23,0.12,0.16,0.19,0.19,0.34,0.33,0.11,0.17,0.19,0.19,0.32,0.31,17.0,17.0,14.14,0.9299999999999999,0.93,0.08,54.5,54.5,38.89,38.0,38.0,25.46,72.4,72.4,2.4,14.0,14.0,14.14,3.5,3.5,3.54,1.5,1.5,2.12,6.5,6.5,4.95,45.15,45.15,21.0,1.5,1.5,2.12,1.5,1.5,2.12,0.0,0.0,0.0,0.0,0.0,0.0,0.0,0.0,,2.0,4.95,7.11,22.0,35.79,35.0,5.0,13.84,15.4,38.5,35.98,16.12,1.24,1.7,1.14,0.45,0.61,0.51,0.13,0.12,0.1,0.38,0.34,0.24,16.4,17.34,4.31,0.0,1.32,3.25,0.0,0.47,1.65,0.0,0.53,1.87,2.1,4.31,6.87,2.1,3.89,5.52,0.1,0.11,0.08,0.0,0.64,2.44,0.0,0.58,2.52,1011.0,1169.29,879.9,1234.0,1318.48,948.16,87.3,86.85,5.64,13977.0,18722.62,15036.71,3526.0,5339.29,5156.01,452.0,612.38,436.5,507.0,651.62,458.3,94.4,93.77,4.13,322.0,448.81,386.86,335.0,489.48,406.55,91.4,89.7,6.5,46.0,78.62,85.46,96.0,118.86,113.46,67.5,65.71,14.5,1.0,3.24,3.78,1.4,2.88,3.2,1.9,2.95,2.61,0.8,1.1,1.22,18.0,25.9,23.79,53.0,89.95,97.44,16.0,22.95,20.09,1.0,3.05,4.1,100.0,98.0,87.53,1069.0,1241.33,912.42,65.0,75.14,69.16,23.0,21.9,18.32,2.0,4.0,4.64,3.0,6.33,8.66,12.0,33.14,43.88,6.0,28.71,54.04,0.0,13.57,32.04,0.0,5.38,12.15,0.0,3.14,8.78,0.0,0.33,1.15,1011.0,1169.29,879.9,1.0,2.0,2.21,14.0,18.19,13.86,54.0,59.86,48.27,2.09,3.08,2.09,40.0,47.14,38.25,0.0,3.1,6.98,2.0,3.05,4.21,2.0,3.19,3.06,2.0,2.57,2.34,0.0,0.81,1.57,6.0,7.95,6.99,0.36,0.42,0.44,4.0,5.9,5.27,0.0,0.24,0.7,0.0,0.62,0.92,0.0,0.48,0.81,0.0,0.62,0.92,0.0,0.1,0.3,24.0,24.57,20.33,13.0,14.52,12.18,6.0,8.71,8.08,8.0,10.48,9.46,4.0,5.38,4.68,8.0,10.52,9.28,20.0,21.71,18.11,48.3,44.36,19.84,10.0,11.19,9.77,14.0,16.71,12.27,1.0,3.52,4.97,13.0,13.19,9.97,9.0,11.05,10.1,26.0,35.62,29.28,14.0,21.71,22.7,0.0,0.81,1.17,1283.0,1492.1,1024.45,33.0,102.86,209.26,226.0,333.1,354.74,473.0,681.86,633.01,395.0,486.95,370.91,38.0,69.62,68.85,1283.0,1491.62,1024.78,30.0,34.71,40.17,11.0,17.86,21.24,48.8,48.11,20.33,11.0,13.43,15.79,41.15,43.37,21.6,879.0,959.81,656.61,4459.0,5005.14,3303.42,2353.0,2759.71,1940.87,37.0,53.48,51.46,46.0,41.29,27.48,7.0,19.71,33.5,16.0,20.95,19.0,13.0,16.95,13.96,937.0,1156.14,815.55,55.0,96.57,93.56,24.0,19.9,11.33,83.5,83.35,5.17,15.0,14.33,10.03,4.0,5.05,4.1,20.0,22.37,10.53,4.0,8.0,8.12,2.39,2.42,0.11,55.0,50.14,26.04,20.0,17.71,8.94,43.8,42.05,22.53,21.6,18.52,9.47,14.0,13.62,9.96,18.0,19.52,14.52,1.0,1.95,2.42,12.0,33.14,43.88,0.0,0.05,0.22,72.0,82.43,57.47,6.0,15.48,17.97,8.0,13.67,13.31,50.0,49.73,25.45
Liverpool,28.0,25.86,8.99,17.0,18.95,8.28,1671.0,1694.41,706.08,2.0,3.36,3.98,2.0,3.0,3.59,2.0,2.73,2.83,2.0,3.09,2.81,0.0,0.23,0.43,2.3,4.1,5.62,2.15,3.75,4.79,1.65,2.93,3.01,41.0,41.86,32.06,91.5,95.59,62.59,80.5,94.59,93.89,0.125,0.18,0.22,0.1,0.15,0.15,0.24,0.33,0.33,0.125,0.17,0.2,0.24,0.32,0.31,0.10500000000000001,0.19,0.22,0.13,0.14,0.12,0.25,0.34,0.31,0.1,0.18,0.2,0.24,0.32,0.29,20.5,20.5,13.44,1.085,1.08,0.02,73.5,73.5,50.2,54.0,54.0,36.77,72.25,72.25,1.63,12.0,12.0,5.66,5.0,5.0,4.24,2.0,2.0,2.83,5.0,5.0,4.24,24.3,24.3,6.08,0.5,0.5,0.71,0.5,0.5,0.71,0.0,0.0,0.0,0.0,0.0,0.0,0.0,0.0,,2.0,3.81,4.7,23.0,37.1,33.75,8.0,12.52,14.09,31.900000000000002,29.89,16.43,1.47,1.81,1.35,0.39,0.61,0.6,0.07,0.09,0.09,0.25,0.28,0.16,15.85,17.19,4.81,0.0,0.86,1.85,0.0,0.29,1.1,0.0,0.43,1.54,2.6,4.3,5.68,2.3,3.93,4.83,0.08,0.1,0.05,-0.5,-0.49,2.03,-0.5,-0.41,1.89,861.5,923.0,569.28,1042.5,1104.0,638.4,82.69999999999999,82.16,6.17,13426.5,15708.91,10726.11,4071.0,5386.32,4578.41,419.0,437.09,245.09,462.0,481.5,262.02,90.94999999999999,90.35,5.18,276.0,391.0,290.93,327.0,442.41,305.09,86.55,85.87,8.4,61.5,74.32,65.41,98.0,127.73,118.53,62.5,61.61,9.24,2.0,2.73,2.83,1.65,2.93,3.01,1.45,2.53,2.26,1.15,1.31,1.18,19.0,27.18,22.73,63.0,75.59,60.72,19.0,22.95,19.09,2.0,3.64,4.82,91.5,95.59,62.59,975.5,1018.18,585.36,36.5,81.27,90.86,11.5,19.95,22.89,3.0,4.59,5.93,4.0,6.59,7.91,18.5,37.14,53.32,10.5,34.32,54.13,0.0,13.05,26.79,0.0,3.91,8.81,0.0,7.77,16.3,0.0,0.09,0.43,861.5,923.0,569.28,3.5,4.55,3.79,16.5,16.68,11.3,52.5,63.05,45.51,3.505,3.21,1.69,43.0,47.5,32.76,0.5,5.27,10.24,2.0,3.0,3.83,3.0,4.55,5.65,1.0,1.95,2.24,0.0,0.77,0.97,4.5,5.95,5.5,0.27,0.31,0.28,3.5,4.36,3.85,0.0,0.36,0.79,0.0,0.41,0.96,0.0,0.45,0.86,0.0,0.32,0.57,0.0,0.05,0.21,27.0,30.41,19.81,18.0,18.86,11.67,10.0,12.23,9.59,12.0,13.05,10.39,4.5,5.14,3.94,11.5,15.32,12.68,24.5,34.45,28.83,43.5,45.91,20.1,14.5,19.14,17.85,19.5,21.27,14.2,2.0,4.82,7.51,15.5,16.45,12.48,11.5,13.18,10.9,40.5,43.59,28.83,12.5,26.41,31.23,0.0,0.86,1.42,1240.0,1301.77,691.59,42.0,99.5,172.2,267.0,334.86,340.08,519.0,622.41,448.58,299.0,355.82,263.88,38.0,64.32,69.84,1240.0,1301.36,691.53,29.5,33.23,31.91,14.0,15.05,15.05,45.5,43.46,14.34,12.0,14.86,14.71,43.45,46.53,18.43,870.0,809.77,406.57,3829.5,4179.59,2026.26,2033.0,2183.5,1078.2,41.0,41.86,32.06,29.0,31.45,19.75,6.5,13.32,19.92,21.5,25.73,21.55,10.5,18.23,19.14,906.0,915.73,482.07,80.5,94.59,93.89,17.0,18.95,8.28,81.0,80.73,6.67,10.5,11.27,8.49,5.0,6.91,6.33,22.0,20.89,4.89,2.5,4.86,7.17,2.15,2.18,0.15,42.0,42.55,16.51,18.5,20.18,9.31,45.45,43.62,18.31,22.75,22.43,9.9,18.0,20.68,15.79,13.5,16.82,12.95,1.0,4.55,8.31,18.5,37.14,53.32,0.0,0.09,0.29,79.5,92.0,49.49,15.5,26.45,30.72,14.0,19.95,14.49,53.599999999999994,54.27,20.37
Newcastle Utd,21.0,22.88,8.68,14.5,17.33,10.77,1296.5,1557.42,896.05,1.5,3.12,3.81,1.5,2.62,3.39,1.0,2.29,3.16,2.0,3.21,2.9,0.0,0.04,0.2,1.35,3.24,4.56,1.35,2.94,3.69,1.05,2.17,2.37,21.5,30.54,31.52,52.5,64.58,63.59,57.0,64.25,58.64,0.135,0.22,0.25,0.07,0.12,0.15,0.21,0.34,0.3,0.135,0.2,0.21,0.21,0.32,0.27,0.13,0.2,0.24,0.11,0.12,0.11,0.295,0.32,0.27,0.13,0.19,0.2,0.295,0.31,0.24,29.0,29.0,18.38,1.4849999999999999,1.48,0.59,94.0,94.0,50.91,64.5,64.5,31.82,71.6,71.6,1.13,9.0,9.0,0.0,3.0,3.0,1.41,6.5,6.5,3.54,5.0,5.0,0.0,28.0,28.0,7.5,2.5,2.5,3.54,2.0,2.0,2.83,0.5,0.5,0.71,0.0,0.0,0.0,20.0,20.0,,2.0,3.61,4.8,19.0,23.52,21.68,4.0,8.52,9.29,33.3,33.5,17.44,1.32,1.47,1.08,0.44,0.6,0.66,0.13,0.13,0.08,0.4,0.42,0.22,15.4,15.14,3.78,0.0,0.39,1.03,0.0,0.35,1.11,0.0,0.39,1.31,1.5,3.38,4.61,1.5,3.07,3.72,0.11,0.11,0.06,0.3,0.23,0.96,0.3,0.19,0.95,503.5,667.0,523.98,603.5,821.5,639.66,81.45,80.19,5.98,7740.0,11345.54,9860.69,2959.0,3988.08,3782.68,249.0,318.17,225.92,277.5,357.33,253.45,89.3,89.19,4.59,197.0,277.92,252.1,228.0,320.92,285.36,85.19999999999999,84.45,8.45,25.5,56.08,67.56,57.0,103.04,118.65,51.2,52.38,14.02,1.0,2.29,3.16,1.05,2.17,2.37,1.1,1.81,1.99,0.7,0.88,0.76,11.0,17.62,18.91,37.0,45.79,45.19,12.0,15.83,17.53,2.0,3.17,4.54,52.5,64.58,63.59,524.5,746.17,585.09,42.0,72.92,93.24,9.5,21.33,30.53,1.0,3.54,5.66,2.0,5.54,9.57,11.0,27.0,46.88,5.5,28.12,51.26,0.5,8.0,24.4,0.0,3.12,9.19,0.0,2.5,8.24,0.0,0.38,1.64,503.5,667.0,523.98,2.0,2.42,3.02,13.5,15.04,11.3,30.0,40.79,39.49,2.365,2.3,1.24,23.0,29.54,27.13,0.0,2.88,6.63,2.0,3.0,3.78,2.0,2.79,3.12,1.0,1.92,2.92,0.0,0.67,1.37,4.0,6.0,6.7,0.345,0.35,0.25,3.0,3.75,3.55,0.0,0.29,0.75,0.0,0.75,1.39,0.0,0.54,0.98,0.0,0.54,1.18,0.0,0.12,0.34,22.0,27.33,22.89,13.5,16.21,13.48,11.0,13.04,11.94,7.0,10.5,9.55,2.5,3.79,3.81,11.5,12.46,11.19,25.5,28.21,24.17,45.6,39.44,17.46,12.0,15.75,13.53,17.0,20.58,16.9,2.5,6.29,9.26,13.5,14.29,12.01,8.0,11.83,11.6,31.0,39.17,32.91,17.0,28.21,34.91,0.0,0.67,0.96,717.0,993.46,733.15,36.5,100.25,148.22,209.5,333.54,333.95,302.0,419.92,368.61,206.0,249.46,218.63,37.0,45.54,39.92,714.5,993.12,733.29,22.0,30.33,36.19,10.0,14.79,17.88,48.35,44.8,17.54,8.0,11.96,13.55,40.4,43.0,15.63,401.0,565.04,433.05,2225.5,3042.79,2442.27,1293.5,1514.92,1210.53,21.5,30.54,31.52,16.5,21.08,20.53,5.0,10.12,14.03,16.5,21.04,18.99,12.5,16.67,16.48,473.0,662.42,512.55,57.0,64.25,58.64,14.5,17.33,10.77,82.0,81.57,6.73,8.0,11.29,9.68,3.5,5.54,4.71,22.0,23.09,14.42,0.0,3.58,5.69,1.565,1.6,0.19,33.5,38.83,22.17,25.0,28.0,17.14,28.15,34.73,19.46,26.6,27.83,17.2,12.0,15.88,13.68,15.0,19.46,23.77,1.0,2.42,4.02,11.0,27.0,46.88,0.0,0.04,0.2,63.0,76.12,57.25,10.5,18.83,23.77,13.5,17.12,16.4,47.7,51.17,22.58
Burnley,16.0,20.39,9.35,14.0,14.93,10.01,1213.0,1334.86,851.0,1.0,1.32,1.7,1.0,1.18,1.19,1.0,1.07,1.18,2.0,2.75,2.93,0.0,0.25,0.44,0.55,1.46,1.72,0.55,1.38,1.56,0.8,1.06,1.01,15.0,25.75,26.49,34.5,42.04,41.42,25.0,41.36,42.52,0.035,0.09,0.12,0.055,0.06,0.06,0.09,0.14,0.15,0.035,0.08,0.11,0.09,0.14,0.14,0.06,0.11,0.12,0.065,0.07,0.06,0.125,0.18,0.15,0.06,0.1,0.11,0.125,0.17,0.15,39.0,39.0,32.53,1.905,1.9,0.43,122.0,122.0,62.23,84.0,84.0,31.11,73.25,73.25,10.68,2.5,2.5,0.71,4.5,4.5,0.71,12.0,12.0,11.31,1.0,1.0,1.41,3.55,3.55,5.02,3.5,3.5,2.12,3.0,3.0,2.83,0.5,0.5,0.71,0.0,0.0,0.0,25.0,25.0,35.36,1.0,1.48,1.87,10.0,15.85,14.62,3.0,5.07,5.68,33.3,30.55,16.66,0.97,1.16,0.89,0.29,0.4,0.4,0.055,0.07,0.07,0.21,0.25,0.24,17.9,17.61,4.32,0.0,0.48,2.12,0.0,0.11,0.32,0.0,0.11,0.32,0.6,1.52,1.73,0.6,1.43,1.57,0.07500000000000001,0.08,0.05,-0.2,-0.04,0.95,-0.2,-0.06,0.96,395.5,496.5,400.39,513.0,639.61,497.46,76.1,75.72,8.03,6232.5,8769.57,7653.8,1825.0,2979.82,3614.98,189.5,224.64,171.38,222.5,258.61,192.66,85.65,86.31,7.55,146.5,214.46,196.65,183.5,250.96,217.11,78.75,80.19,10.74,29.0,47.25,56.8,49.5,98.29,148.17,52.6,54.11,17.46,1.0,1.07,1.18,0.8,1.06,1.01,0.55,0.96,0.92,0.4,0.53,0.51,7.5,11.64,11.14,22.5,34.64,38.1,5.5,7.71,6.81,1.0,1.93,2.96,34.5,42.04,41.42,450.0,576.5,455.73,38.0,60.39,73.84,6.0,15.82,26.19,1.0,1.75,2.14,2.0,2.75,2.85,9.5,19.54,23.17,3.0,23.89,51.13,0.0,6.43,14.37,0.0,2.39,5.91,0.0,2.07,4.47,0.0,0.32,1.06,395.5,496.5,400.39,2.0,2.71,2.54,9.5,12.18,8.81,18.0,26.96,23.41,1.775,1.93,1.26,11.0,19.54,18.29,0.0,2.64,5.06,1.0,1.75,2.85,0.5,1.61,2.17,1.0,1.11,1.29,0.0,0.32,0.67,1.5,2.61,2.6,0.13,0.16,0.17,1.0,1.93,2.16,0.0,0.21,0.57,0.0,0.29,0.76,0.0,0.07,0.26,0.0,0.11,0.31,0.0,0.0,0.0,13.5,21.57,20.22,7.5,12.18,11.94,6.0,10.04,10.13,5.0,8.75,9.13,2.0,2.79,3.07,7.0,10.11,10.83,17.0,20.75,19.11,50.0,47.72,22.8,9.5,10.64,9.05,13.0,16.96,13.49,3.0,6.04,7.39,10.0,10.93,9.13,6.5,9.96,10.4,20.5,31.54,28.82,22.0,29.86,33.23,0.0,0.79,1.17,681.0,789.96,566.79,38.5,103.82,202.72,159.5,286.14,339.93,264.5,327.29,285.5,131.5,183.32,152.27,18.0,29.07,29.58,681.0,789.86,566.82,12.5,24.86,29.08,4.5,10.61,12.44,48.2,45.77,18.29,6.0,11.75,14.38,44.5,43.15,18.29,389.0,436.0,304.73,2397.5,2382.21,1637.56,1314.5,1260.57,925.74,15.0,25.75,26.49,12.0,16.32,15.48,2.0,8.57,13.08,14.0,18.43,18.57,8.0,10.54,10.25,434.5,490.57,344.34,25.0,41.36,42.52,14.0,14.93,10.01,82.0,78.63,11.03,8.0,9.11,9.35,4.5,5.46,4.84,21.0,23.17,10.12,4.0,5.25,5.69,0.63,0.61,0.19,14.0,15.86,10.84,25.0,30.39,19.13,14.9,15.84,10.17,21.0,27.34,17.63,12.0,15.18,12.17,9.5,12.57,11.65,1.5,2.71,3.76,9.5,19.54,23.17,0.0,0.11,0.31,50.5,61.54,47.77,13.5,20.04,26.14,22.0,24.71,23.33,43.75,40.81,22.1
Manchester Utd,22.0,21.5,10.05,15.0,16.04,11.04,1351.5,1440.38,957.02,1.0,1.96,2.72,1.0,1.73,2.46,1.0,1.5,1.77,2.5,3.23,2.29,0.0,0.08,0.27,0.8500000000000001,2.22,3.01,0.8500000000000001,2.0,2.56,1.0,1.62,2.41,16.5,29.65,38.78,52.0,57.08,58.19,32.5,56.15,71.11,0.07,0.13,0.17,0.07500000000000001,0.1,0.12,0.18,0.23,0.19,0.07,0.13,0.16,0.18,0.23,0.18,0.07500000000000001,0.12,0.12,0.07,0.1,0.09,0.19,0.22,0.17,0.07500000000000001,0.12,0.12,0.19,0.21,0.16,58.0,58.0,,1.53,1.53,,203.0,203.0,,146.0,146.0,,74.9,74.9,,18.0,18.0,,6.0,6.0,,14.0,14.0,,9.0,9.0,,23.7,23.7,,7.0,7.0,,7.0,7.0,,0.0,0.0,,0.0,0.0,,0.0,0.0,,1.0,2.38,3.21,10.5,22.92,27.9,4.0,7.62,9.66,31.7,33.71,23.81,1.04,1.26,0.99,0.29500000000000004,0.46,0.4,0.08,0.13,0.21,0.255,0.34,0.29,17.1,16.95,5.7,0.0,0.62,2.26,0.0,0.25,0.9,0.0,0.29,1.08,0.95,2.4,3.06,0.95,2.17,2.6,0.08,0.09,0.05,0.0,-0.02,1.12,-0.05,-0.04,1.13,568.5,608.73,411.67,703.0,756.5,532.66,81.65,81.19,5.98,8755.5,10079.58,7873.75,2640.0,3550.08,4019.2,288.5,302.92,193.33,327.0,340.77,219.12,89.2,89.64,4.74,196.5,231.08,173.41,235.0,269.5,201.26,84.9,83.71,7.8,32.0,52.77,66.92,62.0,98.92,146.54,56.1,58.11,14.56,1.0,1.5,1.77,1.0,1.62,2.41,0.75,1.38,2.0,0.35,0.65,0.78,10.5,17.0,22.96,33.5,45.96,42.29,6.5,13.38,18.09,0.5,2.35,4.2,52.0,57.08,58.19,675.0,687.92,462.92,30.0,65.08,82.77,7.5,15.19,19.14,1.0,2.85,5.89,2.0,3.81,5.03,6.0,24.46,46.59,3.0,24.19,54.99,0.0,9.38,29.93,0.0,2.96,9.22,0.0,3.58,11.04,0.0,0.38,1.6,568.5,608.73,411.67,2.5,3.5,4.65,10.0,14.73,15.4,23.5,38.62,45.03,2.015,2.3,1.46,19.0,28.77,30.87,0.0,3.38,9.59,0.0,2.15,4.06,0.5,2.04,3.23,1.0,1.46,2.56,0.0,0.81,1.1,2.5,3.92,4.82,0.175,0.2,0.18,2.0,2.65,3.29,0.0,0.19,0.69,0.0,0.31,0.68,0.0,0.35,0.69,0.0,0.23,0.51,0.0,0.19,0.49,20.5,27.04,23.33,13.5,16.12,14.35,8.5,13.58,13.69,7.0,9.69,8.64,2.0,3.77,4.32,11.0,13.88,13.57,21.5,28.15,26.65,47.400000000000006,51.62,19.45,9.5,14.27,14.94,19.0,20.88,16.79,6.0,8.19,8.44,8.5,12.69,11.74,10.0,12.31,11.5,30.5,39.35,32.72,23.5,35.31,30.93,0.0,0.5,0.71,911.5,931.73,623.69,58.5,114.65,235.19,234.5,321.35,336.02,374.0,380.96,272.27,136.5,237.46,264.4,19.5,39.58,54.29,911.5,931.46,623.15,11.5,27.04,33.57,6.5,12.19,14.02,48.9,47.79,21.54,5.0,11.77,16.01,42.9,41.02,22.33,532.0,539.88,353.29,2522.5,2926.19,1987.95,1314.0,1542.23,1139.54,16.5,29.65,38.78,13.5,20.62,20.26,2.0,10.38,22.98,12.5,19.04,18.56,9.5,13.15,12.88,571.5,601.54,398.17,32.5,56.15,71.11,15.0,16.42,10.77,82.0,81.0,7.62,7.0,10.42,10.64,5.0,5.35,4.13,16.5,18.05,6.62,2.5,3.38,3.6,1.59,1.56,0.26,21.0,24.65,16.53,25.0,24.96,15.64,24.95,24.06,15.59,26.7,29.54,19.21,14.5,15.5,11.34,9.5,13.12,12.33,1.0,3.38,4.92,6.0,24.46,46.59,0.0,0.04,0.2,72.5,72.77,49.48,14.0,17.12,15.73,18.5,17.54,14.09,44.95,47.47,20.2
Chelsea,23.0,21.88,9.4,18.0,16.72,11.07,1576.0,1495.12,951.17,1.0,2.6,3.86,1.0,2.48,4.16,1.0,2.04,2.72,3.0,4.32,3.38,0.0,0.16,0.47,1.1,3.02,4.99,1.1,2.64,4.19,1.2,2.08,2.53,22.0,34.88,37.54,46.0,64.44,63.63,35.0,63.8,71.86,0.09,0.18,0.22,0.08,0.12,0.14,0.2,0.3,0.29,0.08,0.16,0.19,0.16,0.28,0.26,0.08,0.18,0.19,0.08,0.12,0.11,0.27,0.29,0.25,0.08,0.16,0.17,0.27,0.28,0.23,31.5,31.5,9.19,1.645,1.64,0.11,93.0,93.0,21.21,62.5,62.5,14.85,68.1,68.1,3.39,9.0,9.0,5.66,4.5,4.5,0.71,5.5,5.5,2.12,4.0,4.0,1.41,20.75,20.75,2.76,2.5,2.5,0.71,1.5,1.5,0.71,0.5,0.5,0.71,0.5,0.5,0.71,16.65,16.65,23.55,1.0,3.26,5.27,13.0,22.74,26.29,4.0,8.35,10.81,33.3,35.85,20.25,1.38,1.38,1.05,0.26,0.47,0.44,0.13,0.12,0.12,0.33999999999999997,0.33,0.26,16.6,16.35,4.95,0.0,0.96,2.51,0.0,0.48,1.88,0.0,0.52,1.9,1.1,3.18,5.16,1.1,2.77,4.34,0.1,0.1,0.05,0.0,0.08,1.75,0.0,0.02,1.54,538.0,795.8,663.57,728.0,927.92,726.27,84.7,82.74,7.05,11860.0,13060.08,11227.99,3518.0,4384.76,4050.94,278.0,396.8,324.91,302.0,431.4,343.22,91.2,90.36,5.6,250.0,325.32,311.19,257.0,360.36,327.06,88.8,85.64,10.24,32.0,54.4,53.77,66.0,92.8,87.08,54.4,58.77,14.23,1.0,2.08,2.69,1.2,2.08,2.52,1.0,1.71,1.99,0.4,0.59,0.63,9.0,16.6,18.53,30.0,53.88,56.15,7.0,14.04,16.7,1.0,2.04,3.05,46.0,64.28,63.79,629.0,857.16,695.12,57.0,67.36,55.89,13.0,19.8,19.63,2.0,4.64,6.87,1.0,4.04,6.67,10.0,22.32,27.18,6.0,24.4,38.51,0.0,8.08,17.15,0.0,3.12,7.17,0.0,2.2,4.38,0.0,0.16,0.55,538.0,795.8,663.57,2.0,3.4,4.11,6.0,13.8,12.71,23.0,38.72,41.49,2.15,2.25,1.4,18.0,28.56,29.56,1.0,2.44,4.19,0.0,3.0,5.29,1.0,1.84,2.53,0.0,1.88,2.51,0.0,1.0,1.83,3.0,5.28,6.3,0.2,0.32,0.37,2.0,3.56,4.53,0.0,0.28,1.02,0.0,0.44,0.96,0.0,0.4,0.65,0.0,0.44,0.92,0.0,0.16,0.47,21.0,26.12,25.46,12.0,14.88,14.1,9.0,12.88,12.7,7.0,9.28,10.17,3.0,3.96,4.3,9.0,12.8,12.5,19.0,24.88,23.11,48.1,49.38,19.67,7.0,12.08,12.29,13.0,17.6,16.07,3.0,6.48,7.64,8.0,11.12,10.89,8.0,11.92,12.11,25.0,38.04,36.8,14.0,31.08,35.8,0.0,0.96,1.34,886.0,1098.88,823.35,28.0,120.76,189.69,183.0,373.48,367.13,324.0,477.92,449.36,164.0,258.04,251.23,24.0,40.2,47.42,886.0,1098.4,822.97,13.0,33.64,39.64,7.0,15.4,18.19,48.1,43.5,21.39,5.0,14.08,17.8,42.1,40.21,24.63,509.0,658.64,508.53,3225.0,3349.56,2447.97,1734.0,1749.88,1278.22,22.0,34.52,37.83,14.0,21.64,21.15,2.0,11.32,17.67,16.0,23.44,23.71,6.0,14.32,17.13,633.0,788.44,620.29,27.0,62.6,72.57,18.0,16.72,11.07,84.0,79.24,10.38,9.0,10.68,9.63,4.0,5.16,3.73,17.0,19.22,10.43,3.0,3.72,3.95,1.67,1.65,0.26,31.0,33.68,22.02,27.0,27.36,16.93,35.9,32.55,20.66,25.0,25.15,15.35,11.0,17.68,18.59,12.0,17.76,17.77,1.0,3.16,5.76,10.0,22.32,27.18,0.0,0.12,0.33,54.0,73.36,61.95,9.0,17.2,17.91,14.0,15.68,13.92,47.2,50.69,22.18
Aston Villa,27.0,24.17,11.11,20.0,18.13,12.39,1652.0,1629.13,1057.0,2.0,2.96,4.34,1.0,2.57,3.78,1.0,2.39,3.55,4.0,4.04,3.17,0.0,0.09,0.29,1.4,2.83,3.76,1.4,2.69,3.66,1.0,2.14,2.71,32.0,33.3,29.3,55.0,62.87,56.02,33.0,62.39,74.14,0.11,0.2,0.26,0.08,0.12,0.16,0.21,0.32,0.32,0.11,0.2,0.26,0.21,0.32,0.32,0.1,0.16,0.16,0.09,0.1,0.1,0.21,0.26,0.21,0.1,0.16,0.16,0.21,0.26,0.21,30.5,30.5,24.75,2.16,2.16,1.03,86.5,86.5,74.25,57.5,57.5,53.03,64.0,64.0,3.11,10.0,10.0,12.73,4.0,4.0,5.66,5.0,5.0,2.83,4.0,4.0,5.66,11.75,11.75,16.62,1.0,1.0,0.0,0.5,0.5,0.71,0.5,0.5,0.71,0.0,0.0,0.0,50.0,50.0,70.71,2.0,3.27,4.56,16.5,23.0,25.0,5.0,8.23,10.61,35.0,33.67,11.01,0.99,1.26,1.06,0.37,0.46,0.42,0.11,0.14,0.12,0.38,0.35,0.26,15.9,15.47,3.56,0.0,0.68,1.7,0.0,0.18,0.85,0.0,0.18,0.85,1.65,2.95,3.8,1.65,2.81,3.7,0.12,0.12,0.07,0.0,0.32,1.54,0.0,0.28,1.5,573.0,699.61,567.57,790.0,839.7,647.13,80.4,81.3,7.16,8993.0,12198.52,10542.24,2559.0,4136.0,4236.25,293.0,308.09,235.23,329.0,341.26,252.02,89.9,89.04,6.98,184.0,320.35,300.07,242.0,359.09,320.09,85.7,86.83,8.06,48.0,57.74,60.18,82.0,102.83,111.96,57.6,57.69,11.28,1.0,2.39,3.55,1.0,2.14,2.71,1.0,1.83,2.1,0.4,0.8,1.3,10.0,17.26,18.66,29.0,50.13,49.19,12.0,15.78,16.78,0.0,2.91,4.74,55.0,62.87,56.02,745.0,758.74,578.25,47.0,78.91,86.49,13.0,27.3,35.91,0.0,3.39,5.24,2.0,4.13,5.95,11.0,28.3,40.74,4.0,26.65,54.74,0.0,10.04,22.97,0.0,6.48,14.64,0.0,0.65,1.82,0.0,0.09,0.42,573.0,699.61,567.57,1.0,2.04,2.27,13.0,14.87,12.48,29.0,39.48,37.57,2.07,1.99,1.27,22.0,29.04,26.21,0.0,3.35,7.98,1.0,2.0,2.78,2.0,3.17,4.3,1.0,1.35,1.47,0.0,0.57,0.66,3.0,5.61,6.43,0.3,0.31,0.28,2.0,4.0,4.46,0.0,0.35,0.88,0.0,0.35,0.65,0.0,0.43,1.5,0.0,0.35,0.57,0.0,0.13,0.34,16.0,23.7,20.04,9.0,13.48,12.09,7.0,11.65,9.98,5.0,9.09,10.12,2.0,2.96,2.75,7.0,11.26,10.28,19.0,23.78,20.6,46.7,44.33,20.77,8.0,12.52,11.43,18.0,16.91,11.52,2.0,4.91,6.18,13.0,12.0,8.21,9.0,10.22,9.08,21.0,33.91,28.66,12.0,25.87,26.42,0.0,0.57,1.08,1017.0,999.57,711.88,44.0,121.91,238.15,215.0,354.43,389.62,318.0,417.43,365.49,186.0,236.65,214.65,27.0,43.78,51.96,1017.0,999.39,711.54,30.0,32.65,31.3,13.0,14.83,15.51,44.8,47.23,15.4,11.0,13.61,13.56,41.0,39.69,15.3,635.0,626.3,457.07,3527.0,3400.17,2449.83,1663.0,1782.87,1427.93,32.0,33.3,29.3,19.0,21.0,17.22,4.0,9.39,13.28,17.0,20.43,19.65,14.0,18.04,17.47,764.0,685.61,498.01,33.0,62.39,74.14,20.0,18.13,12.39,83.0,79.87,8.68,6.0,11.74,11.07,6.0,6.04,6.06,20.5,22.88,11.07,2.0,5.57,8.33,1.77,1.72,0.36,36.0,36.26,24.32,27.0,28.87,17.37,31.4,30.2,20.29,30.5,28.46,17.11,16.0,17.87,13.44,15.0,20.52,18.84,0.0,2.04,4.02,11.0,28.3,40.74,0.0,0.17,0.49,62.0,70.0,52.14,13.0,14.48,12.94,14.0,15.7,16.46,50.0,53.66,22.61
Tottenham,27.5,23.75,10.93,15.5,17.42,12.69,1401.0,1554.29,1045.63,1.5,2.75,3.82,1.0,2.5,3.53,1.0,2.42,3.31,3.0,3.71,2.84,0.0,0.17,0.48,1.65,2.86,3.45,1.65,2.8,3.28,0.8500000000000001,2.4,3.24,23.0,39.79,39.77,71.5,87.58,68.79,33.0,87.0,109.0,0.08499999999999999,0.14,0.17,0.095,0.19,0.26,0.185,0.32,0.33,0.08499999999999999,0.13,0.17,0.185,0.32,0.33,0.10500000000000001,0.17,0.16,0.08499999999999999,0.16,0.18,0.24,0.33,0.28,0.10500000000000001,0.16,0.15,0.24,0.33,0.27,61.0,61.0,,1.61,1.61,,167.0,167.0,,109.0,109.0,,67.7,67.7,,20.0,20.0,,6.0,6.0,,12.0,12.0,,7.0,7.0,,18.4,18.4,,7.0,7.0,,7.0,7.0,,0.0,0.0,,0.0,0.0,,0.0,0.0,,2.0,2.96,4.16,18.0,25.17,23.96,5.0,8.96,10.11,33.85,30.43,14.79,1.57,1.55,1.04,0.36,0.48,0.41,0.07500000000000001,0.1,0.1,0.275,0.29,0.24,15.6,16.23,4.68,0.0,0.48,1.16,0.0,0.09,0.42,0.0,0.09,0.42,1.9,2.99,3.47,1.9,2.92,3.29,0.11,0.12,0.06,-0.4,-0.03,2.04,-0.4,-0.05,2.0,826.5,857.04,634.89,944.0,1004.29,722.45,86.25,83.97,7.37,12816.0,13541.46,10689.08,3203.0,4623.79,4504.21,414.5,441.08,313.1,437.0,482.04,337.5,91.5,90.3,5.12,288.0,347.08,305.56,350.0,387.96,322.78,88.30000000000001,86.51,9.16,30.5,45.21,42.42,45.0,79.08,89.23,63.6,60.44,15.05,1.0,2.42,3.31,0.8500000000000001,2.4,3.24,1.45,2.17,2.38,0.4,0.88,1.13,10.0,19.17,22.46,43.0,65.58,58.86,12.0,18.92,21.44,1.0,2.71,4.48,71.5,87.58,68.79,851.5,919.92,648.9,36.5,80.92,109.41,8.5,26.46,31.92,2.0,3.79,5.13,1.0,2.46,3.37,13.0,29.58,47.96,8.0,30.08,70.26,0.0,9.75,27.64,0.0,3.88,11.46,0.0,2.92,9.89,0.0,0.04,0.2,826.5,857.04,634.89,3.0,3.46,3.37,17.5,20.0,18.15,32.5,43.75,44.38,2.4699999999999998,2.93,2.19,24.0,34.08,33.09,0.0,2.5,7.03,1.0,2.46,3.28,1.5,2.5,2.8,0.5,1.29,2.2,0.0,0.92,1.32,3.0,5.08,5.31,0.28,0.38,0.39,2.5,4.0,4.08,0.0,0.29,0.75,0.0,0.29,0.75,0.0,0.21,0.41,0.0,0.12,0.34,0.0,0.17,0.38,23.5,30.08,26.49,15.0,18.75,16.75,10.0,13.92,13.56,8.0,11.0,10.25,3.0,5.17,5.57,11.5,15.0,14.74,22.5,28.75,27.0,50.85,52.06,23.28,11.5,13.75,13.65,16.0,18.42,15.58,3.5,5.42,6.28,11.5,13.0,11.86,10.0,14.75,13.02,35.0,44.83,38.54,17.5,29.21,31.99,1.0,1.0,1.32,1098.5,1183.42,819.57,37.0,115.83,256.42,170.5,353.71,423.11,465.5,508.29,420.46,249.5,332.29,305.87,21.5,54.54,64.89,1098.5,1183.33,819.55,22.0,33.54,33.11,10.5,14.92,13.53,48.8,48.93,11.46,8.5,14.92,17.01,41.6,39.72,12.3,661.5,749.54,516.51,3584.5,3851.04,2611.07,1932.0,1935.54,1417.43,23.0,39.79,39.77,21.0,26.29,21.28,4.0,14.5,22.17,15.0,22.92,21.88,10.5,15.5,16.42,781.0,849.5,569.2,33.0,87.0,109.0,15.5,17.42,12.69,83.0,79.91,8.95,5.0,10.17,11.41,5.0,6.33,6.82,21.0,21.42,7.44,0.5,3.42,5.13,1.78,1.78,0.32,34.0,33.67,22.74,27.5,27.46,16.7,28.9,30.99,20.57,26.950000000000003,28.51,18.13,13.5,17.5,15.48,18.0,21.04,16.7,1.0,3.33,5.47,13.0,29.58,47.96,0.0,0.12,0.34,60.5,79.21,59.73,8.5,14.75,18.53,14.5,15.92,14.3,38.5,41.5,24.1
Everton,28.0,23.3,11.56,23.0,18.17,13.72,1884.0,1633.17,1156.48,1.0,1.87,1.96,0.0,0.91,1.59,0.0,0.83,1.47,2.0,3.65,3.07,0.0,0.04,0.21,1.7,2.66,3.15,1.7,2.56,2.89,1.1,1.92,2.04,15.0,26.0,27.99,43.0,55.3,45.0,39.0,55.91,52.25,0.09,0.12,0.11,0.0,0.03,0.06,0.15,0.15,0.13,0.09,0.11,0.11,0.15,0.15,0.12,0.11,0.21,0.27,0.1,0.11,0.09,0.2,0.32,0.29,0.11,0.2,0.26,0.2,0.31,0.28,51.0,51.0,,1.34,1.34,,165.0,165.0,,117.0,117.0,,73.9,73.9,,13.0,13.0,,9.0,9.0,,16.0,16.0,,13.0,13.0,,34.2,34.2,,8.0,8.0,,8.0,8.0,,0.0,0.0,,0.0,0.0,,0.0,0.0,,1.0,1.96,2.14,25.0,23.96,19.94,4.0,7.3,7.18,28.6,31.98,17.8,1.25,1.61,1.21,0.37,0.61,0.7,0.07,0.08,0.07,0.25,0.25,0.2,16.0,16.61,4.22,0.0,0.61,1.23,0.0,0.09,0.42,0.0,0.13,0.46,1.7,2.66,3.15,1.7,2.56,2.89,0.1,0.1,0.06,-0.4,-0.7,1.73,-0.4,-0.69,1.74,409.0,527.87,386.67,631.0,718.3,511.47,71.5,71.97,8.08,6185.0,9630.22,8612.62,2378.0,4020.13,5579.26,219.0,242.83,171.19,271.0,283.83,193.4,86.6,83.73,8.99,157.0,204.48,168.07,204.0,252.04,191.65,77.0,76.41,12.14,28.0,66.39,99.03,66.0,137.35,215.25,48.6,52.87,18.74,0.0,0.83,1.47,1.1,1.92,2.04,1.0,1.53,1.86,1.0,1.12,0.89,11.0,16.7,17.77,37.0,45.26,37.87,9.0,14.22,14.42,1.0,3.65,5.19,43.0,55.3,45.0,608.0,639.0,453.85,17.0,75.43,115.96,1.0,17.83,47.05,1.0,2.22,3.18,1.0,3.7,5.2,11.0,34.87,53.79,4.0,33.7,61.96,0.0,7.65,20.6,0.0,5.91,16.33,0.0,1.04,3.23,0.0,0.13,0.46,409.0,527.87,386.67,3.0,3.87,3.71,12.0,16.39,15.1,32.0,41.09,34.55,2.33,2.22,1.01,20.0,29.26,24.48,0.0,3.52,8.26,1.0,1.52,1.97,4.0,3.57,2.59,1.0,1.78,2.04,1.0,1.43,1.56,2.0,3.04,3.1,0.15,0.14,0.11,1.0,1.78,2.07,0.0,0.22,0.85,0.0,0.0,0.0,0.0,0.65,0.88,0.0,0.22,0.42,0.0,0.17,0.49,30.0,33.48,27.02,20.0,20.0,15.66,12.0,16.61,15.55,11.0,12.0,10.41,2.0,4.87,4.79,14.0,15.52,13.87,28.0,31.43,23.92,43.6,44.02,22.59,13.0,15.91,11.9,14.0,21.43,19.36,4.0,7.7,12.99,11.0,13.74,9.82,12.0,16.13,16.76,43.0,49.61,42.48,24.0,38.74,48.93,0.0,0.52,0.85,935.0,924.96,617.76,49.0,112.48,233.93,190.0,303.3,379.07,275.0,380.26,278.4,206.0,251.39,201.01,29.0,38.57,34.11,935.0,924.83,617.83,21.0,27.48,21.54,11.0,12.35,10.13,44.4,47.7,17.57,11.0,12.96,10.59,45.7,45.22,16.89,539.0,460.96,308.39,2518.0,2508.48,1856.02,1028.0,1245.96,1051.61,15.0,26.0,27.99,14.0,20.17,19.86,4.0,6.61,7.72,17.0,26.39,22.37,10.0,15.09,15.25,580.0,531.43,346.4,39.0,55.91,52.25,24.0,19.17,13.32,83.0,81.96,6.68,10.0,13.35,12.42,4.0,5.35,5.59,21.5,23.28,10.76,2.0,5.83,8.07,1.26,1.11,0.34,23.0,20.78,14.46,26.0,25.83,15.94,32.4,27.19,17.23,31.2,27.63,17.17,18.0,20.39,14.8,8.0,15.91,14.19,1.0,3.96,6.36,11.0,34.87,53.79,0.0,0.13,0.34,60.0,91.7,66.9,16.0,29.65,40.45,19.0,25.91,30.69,45.6,46.79,21.86
Arsenal,27.0,26.81,10.19,18.0,19.86,13.09,1649.0,1781.57,1102.75,2.0,3.62,3.98,2.0,3.43,4.13,2.0,2.95,3.14,2.0,2.95,2.77,0.0,0.1,0.3,1.6,3.71,4.29,1.6,3.34,3.6,1.4,2.66,3.07,17.0,38.95,42.67,72.0,99.62,94.1,37.0,98.86,130.5,0.12,0.18,0.19,0.17,0.16,0.15,0.25,0.35,0.28,0.12,0.16,0.18,0.25,0.32,0.24,0.12,0.2,0.18,0.13,0.14,0.13,0.24,0.34,0.27,0.12,0.18,0.17,0.24,0.32,0.23,14.5,14.5,13.44,0.79,0.79,0.06,41.5,41.5,38.89,27.0,27.0,25.46,66.19999999999999,66.2,2.69,14.0,14.0,12.73,2.5,2.5,2.12,2.5,2.5,3.54,9.0,9.0,9.9,41.65,41.65,11.81,1.5,1.5,2.12,1.0,1.0,1.41,0.5,0.5,0.71,0.0,0.0,0.0,33.3,33.3,,3.0,4.3,4.77,17.0,32.25,29.78,5.5,10.4,10.14,31.6,28.78,10.28,1.48,1.71,1.2,0.32,0.53,0.43,0.1,0.1,0.09,0.33999999999999997,0.34,0.23,15.6,16.25,4.48,0.0,0.3,0.98,0.0,0.5,1.4,0.0,0.5,1.4,1.8,3.9,4.31,1.8,3.51,3.61,0.11,0.1,0.04,0.30000000000000004,0.4,1.58,0.1,0.29,1.6,699.0,900.67,735.47,785.0,1064.62,820.17,83.7,82.7,6.26,9583.0,14610.14,12197.28,2564.0,4839.48,4680.44,306.0,457.95,352.21,342.0,501.62,378.56,90.9,91.06,4.51,229.0,368.48,350.74,267.0,413.76,375.53,85.9,87.3,6.81,37.0,55.81,50.0,60.0,102.48,102.65,54.3,55.6,13.16,2.0,2.95,3.14,1.4,2.66,3.07,0.9,2.74,3.23,0.7,1.0,0.82,9.0,24.38,28.94,43.0,72.76,70.97,14.0,26.0,30.36,2.0,3.24,3.94,72.0,99.62,94.1,759.0,988.38,777.28,49.0,72.1,66.18,7.0,20.9,22.55,3.0,4.95,8.32,2.0,3.05,3.98,12.0,31.67,45.59,6.0,26.1,51.21,0.0,12.62,27.92,0.0,10.33,23.29,0.0,0.05,0.22,0.0,0.0,0.0,699.0,900.67,735.47,3.0,4.14,4.02,11.0,15.05,13.62,28.0,56.33,59.48,2.86,2.76,1.67,25.0,44.0,46.29,1.0,3.9,7.01,1.0,2.76,3.92,1.0,3.14,3.29,1.0,1.57,2.04,0.0,0.95,1.43,5.0,7.24,6.99,0.38,0.41,0.35,3.0,4.95,5.32,0.0,0.76,1.18,0.0,0.38,0.67,0.0,0.52,0.75,0.0,0.62,1.02,0.0,0.0,0.0,24.0,28.95,22.46,15.0,16.48,13.12,9.0,12.19,9.98,9.0,11.67,10.53,4.0,5.1,4.98,11.0,12.9,10.24,22.0,25.81,20.46,50.0,56.22,22.24,7.0,12.9,12.19,18.0,19.52,15.07,1.0,5.05,8.67,15.0,14.48,11.16,12.0,13.86,12.08,36.0,42.81,33.29,9.0,24.48,28.95,0.0,0.86,1.28,912.0,1251.43,909.01,25.0,93.95,173.76,182.0,318.29,372.35,389.0,536.67,488.04,239.0,405.43,369.74,31.0,70.29,78.2,912.0,1250.95,908.71,14.0,31.86,36.88,8.0,13.43,15.08,40.9,43.03,14.38,6.0,14.48,17.54,44.3,46.14,15.47,591.0,769.33,566.77,3077.0,3833.9,2933.08,1532.0,1961.52,1541.2,17.0,38.95,42.67,21.0,27.14,24.15,6.0,15.57,23.07,13.0,24.95,21.18,9.0,17.81,18.47,650.0,892.67,667.3,37.0,98.86,130.5,18.0,19.86,13.09,80.0,80.95,7.19,7.0,12.52,12.5,7.0,6.95,5.84,17.0,16.62,5.64,3.0,6.67,8.45,2.34,2.37,0.15,39.0,47.43,29.36,11.0,15.19,9.68,37.3,39.71,24.56,12.2,14.54,8.97,15.0,18.38,13.71,13.0,18.67,16.97,1.0,4.1,5.29,12.0,31.67,45.59,0.0,0.05,0.22,59.0,83.0,60.38,15.0,23.81,28.0,16.0,23.62,24.83,48.8,48.83,21.11
